CAD.Event.Number,Event.Clearance.Description,Event.Clearance.SubGroup,Event.Clearance.Group,Census.Tract,Longitude,Latitude,Year,Month,Day
16000230189,TRAFFIC (MOVING) VIOLATION,TRAFFIC RELATED CALLS,TRAFFIC RELATED CALLS,7200.1065,-122.33918,47.613724,2016,6,1
16000230177,SHOPLIFT,THEFT,SHOPLIFTING,7300.302,-122.33844,47.618244,2016,6,1
16000230173,"DISTURBANCE, OTHER",DISTURBANCES,DISTURBANCES,8002.2004,-122.347374,47.61271,2016,6,1
16000230147,PARKING VIOLATION (EXCEPT ABANDONED VEHICLES),PARKING VIOLATIONS,TRAFFIC RELATED CALLS,8001.4005,-122.352806,47.61475,2016,6,1
16000230138,THEFT - CAR PROWL,CAR PROWL,CAR PROWL,10900.2073,-122.32615,47.54715,2016,6,1
16000230128,SUSPICIOUS VEHICLE,SUSPICIOUS CIRCUMSTANCES,SUSPICIOUS CIRCUMSTANCES,2700.4016,-122.344505,47.687664,2016,6,1
16000230106,MOTOR VEHICLE COLLISION,TRAFFIC RELATED CALLS,MOTOR VEHICLE COLLISION INVESTIGATION,200.2014,-122.297714,47.720184,2016,6,1
16000208883,ALACAD - COMMERCIAL BURGLARY (FALSE),BURGLARY ALACAD (FALSE),FALSE ALACAD,100.3002,-122.2909,47.726097,2016,6,1
16000209536,"DISTURBANCE, OTHER",DISTURBANCES,DISTURBANCES,9500.4016,-122.29663,47.57636,2016,6,1
16000209534,TRESPASS,TRESPASS,TRESPASS,7200.1058,-122.33982,47.614113,2016,6,1
16000209532,PARKS EXCLUSION,PARKS EXCLUSIONS,MISCELLANEOUS MISDEMEANORS,9600.5002,-122.38238,47.591312,2016,6,1
16000230435,SHOPLIFT,THEFT,SHOPLIFTING,11300.2012,-122.355156,47.518276,2016,6,1
16000209664,PROPERTY DESTRUCTION,PROPERTY DAMAGE,PROPERTY DAMAGE,9500.4005,-122.2962,47.57733,2016,6,1
16000209590,TRAFFIC (MOVING) VIOLATION,TRAFFIC RELATED CALLS,TRAFFIC RELATED CALLS,7500.4024,-122.319374,47.612175,2016,6,1
16000209548,LIQUOR VIOLATION - INTOXICATED PERSON,LIQUOR VIOLATIONS,LIQUOR VIOLATIONS,8100.3011,-122.34288,47.609814,2016,6,1
16000209502,"MISCHIEF, NUISANCE COMPLAINTS","NUISANCE, MISCHIEF COMPLAINTS","NUISANCE, MISCHIEF",1300.3,-122.34466,47.702152,2016,6,1
16000209474,CRISIS COMPLAINT - GENERAL,CRISIS CALL,BEHAVIORAL HEALTH,8100.204,-122.33173,47.603127,2016,6,1
16000209305,MOTOR VEHICLE COLLISION,TRAFFIC RELATED CALLS,MOTOR VEHICLE COLLISION INVESTIGATION,7900.4001,-122.31015,47.616444,2016,6,1
16000209545,NOISE DISTURBANCE,DISTURBANCES,DISTURBANCES,9600.2011,-122.38514,47.58209,2016,6,1
16000209540,SUSPICIOUS PERSON,SUSPICIOUS CIRCUMSTANCES,SUSPICIOUS CIRCUMSTANCES,100.5004,-122.29525,47.721092,2016,6,1
16000209583,PARKING VIOLATION (EXCEPT ABANDONED VEHICLES),PARKING VIOLATIONS,TRAFFIC RELATED CALLS,7200.1068,-122.34284,47.613552,2016,6,1
16000209573,SUSPICIOUS PERSON,SUSPICIOUS CIRCUMSTANCES,SUSPICIOUS CIRCUMSTANCES,11402.2,-122.35646,47.52195,2016,6,1
16000230188,"DISTURBANCE, OTHER",DISTURBANCES,DISTURBANCES,6400.2003,-122.31125,47.629677,2016,6,1
16000209303,MOTOR VEHICLE COLLISION,TRAFFIC RELATED CALLS,MOTOR VEHICLE COLLISION INVESTIGATION,6600.1041,-122.32888,47.630302,2016,6,1
16000209234,BURGLARY - UNOCCUPIED STRUCTURE ON RESIDENTIAL PROPERTY,RESIDENTIAL BURGLARIES,BURGLARY,7300.1017,-122.331726,47.62451,2016,6,1
16000230432,FIGHT DISTURBANCE,DISTURBANCES,DISTURBANCES,8200.2001,-122.329124,47.608658,2016,6,1
16000209569,PARKING VIOLATION (EXCEPT ABANDONED VEHICLES),PARKING VIOLATIONS,TRAFFIC RELATED CALLS,7000.301,-122.35082,47.626293,2016,6,1
16000209547,"DISTURBANCE, OTHER",DISTURBANCES,DISTURBANCES,1200.3,-122.3192,47.711243,2016,6,1
16000209529,AUTO THEFT,AUTO THEFTS,AUTO THEFTS,12000.1,-122.3714,47.517426,2016,6,1
16000230284,LIQUOR VIOLATION - INTOXICATED PERSON,LIQUOR VIOLATIONS,LIQUOR VIOLATIONS,9300.2075,-122.327545,47.586174,2016,6,1
16000230279,SUSPICIOUS PERSON,SUSPICIOUS CIRCUMSTANCES,SUSPICIOUS CIRCUMSTANCES,11500.3019,-122.37932,47.5309,2016,6,1
16000230226,THEFT - CAR PROWL,CAR PROWL,CAR PROWL,7800.1016,-122.281586,47.620106,2016,6,1
16000230201,LIQUOR VIOLATION - INTOXICATED PERSON,LIQUOR VIOLATIONS,LIQUOR VIOLATIONS,8100.203,-122.333694,47.605267,2016,6,1
16000230200,MOTOR VEHICLE COLLISION,TRAFFIC RELATED CALLS,MOTOR VEHICLE COLLISION INVESTIGATION,9800.2,-122.37812,47.576504,2016,6,1
16000230181,SUSPICIOUS PERSON,SUSPICIOUS CIRCUMSTANCES,SUSPICIOUS CIRCUMSTANCES,7900.5004,-122.31079,47.61761,2016,6,1
16000230160,MOTOR VEHICLE COLLISION,TRAFFIC RELATED CALLS,MOTOR VEHICLE COLLISION INVESTIGATION,5302.3007,-122.29778,47.66119,2016,6,1
16000230562,SHOPLIFT,THEFT,SHOPLIFTING,1200.4011,-122.324615,47.708603,2016,6,1
16000209706,TRAFFIC (MOVING) VIOLATION,TRAFFIC RELATED CALLS,TRAFFIC RELATED CALLS,8100.2034,-122.335976,47.60776,2016,6,1
16000210098,PARKING VIOLATION (EXCEPT ABANDONED VEHICLES),PARKING VIOLATIONS,TRAFFIC RELATED CALLS,3400.1011,-122.3624,47.672344,2016,6,1
16000210085,HAZARDS,HAZARDS,HAZARDS,10100.502,-122.28675,47.567932,2016,6,1
16000209576,LIQUOR VIOLATION - INTOXICATED PERSON,LIQUOR VIOLATIONS,LIQUOR VIOLATIONS,8400.1008,-122.32077,47.613518,2016,6,1
16000209575,"DISTURBANCE, OTHER",DISTURBANCES,DISTURBANCES,8200.3002,-122.32967,47.611774,2016,6,1
16000209278,PROPERTY DESTRUCTION,PROPERTY DAMAGE,PROPERTY DAMAGE,10701.101,-122.363,47.551014,2016,6,1
16000230401,"NARCOTICS, OTHER",NARCOTICS COMPLAINTS,NARCOTICS COMPLAINTS,8400.2002,-122.32277,47.612988,2016,6,1
16000209513,"NARCOTICS, OTHER",NARCOTICS COMPLAINTS,NARCOTICS COMPLAINTS,8001.2009,-122.345,47.613655,2016,6,1
16000209662,TRESPASS,TRESPASS,TRESPASS,8100.2016,-122.33643,47.60826,2016,6,1
16000209568,SUSPICIOUS PERSON,SUSPICIOUS CIRCUMSTANCES,SUSPICIOUS CIRCUMSTANCES,9300.2072,-122.32906,47.58617,2016,6,1
16000209555,SUSPICIOUS PERSON,SUSPICIOUS CIRCUMSTANCES,SUSPICIOUS CIRCUMSTANCES,8900.101,-122.28571,47.60063,2016,6,1
16000209486,"CASUALTY (NON CRIMINAL/TRAFFIC) - MAN DOWN, SICK PERSONS, INJURED, DOA)",CASUALTIES,PERSON DOWN/INJURY,10100.4003,-122.295746,47.57231,2016,6,1
16000209454,"CASUALTY (NON CRIMINAL/TRAFFIC) - MAN DOWN, SICK PERSONS, INJURED, DOA)",CASUALTIES,PERSON DOWN/INJURY,200.5,-122.31401,47.72666,2016,6,1
16000209439,SUSPICIOUS PERSON,SUSPICIOUS CIRCUMSTANCES,SUSPICIOUS CIRCUMSTANCES,7300.3034,-122.337395,47.612663,2016,6,1
16000209215,"DISTURBANCE, OTHER",DISTURBANCES,DISTURBANCES,100.2002,-122.29228,47.729202,2016,6,1
16000209565,THEFT - CAR PROWL,CAR PROWL,CAR PROWL,10300.4017,-122.28829,47.5516,2016,6,1
16000230309,ALACAD - RESIDENTIAL BURGLARY (FALSE),BURGLARY ALACAD (FALSE),FALSE ALACAD,1200.3,-122.3179,47.711864,2016,6,1
16000230269,SUSPICIOUS PERSON,SUSPICIOUS CIRCUMSTANCES,SUSPICIOUS CIRCUMSTANCES,9200.101,-122.32375,47.599186,2016,6,1
16000230259,ABANDONED VEHICLE,PARKING VIOLATIONS,TRAFFIC RELATED CALLS,6000.4017,-122.356094,47.647774,2016,6,1
16000230198,"BURGLARY - RESIDENTIAL, UNOCCUPIED",RESIDENTIAL BURGLARIES,BURGLARY,9400.5001,-122.31354,47.593113,2016,6,1
16000230137,BLOCKING VEHICLE,TRAFFIC RELATED CALLS,TRAFFIC RELATED CALLS,7200.2007,-122.343765,47.618553,2016,6,1
16000230047,MOTOR VEHICLE COLLISION,TRAFFIC RELATED CALLS,MOTOR VEHICLE COLLISION INVESTIGATION,2700.1003,-122.322975,47.68863,2016,6,1
16000230036,"NOISE DISTURBANCE, RESIDENTIAL",NOISE DISTURBANCE,DISTURBANCES,10600.5005,-122.40017,47.556244,2016,6,1
16000230034,SUSPICIOUS PERSON,SUSPICIOUS CIRCUMSTANCES,SUSPICIOUS CIRCUMSTANCES,9300.2072,-122.32906,47.58617,2016,6,1
16000209688,ALACAD - COMMERCIAL BURGLARY (FALSE),BURGLARY ALACAD (FALSE),FALSE ALACAD,6600.1027,-122.32755,47.63593,2016,6,1
16000209658,PARKING VIOLATION (EXCEPT ABANDONED VEHICLES),PARKING VIOLATIONS,TRAFFIC RELATED CALLS,6700.201,-122.34493,47.628464,2016,6,1
16000208893,"BURGLARY - RESIDENTIAL, OCCUPIED",RESIDENTIAL BURGLARIES,BURGLARY,1900.2,-122.319,47.699482,2016,6,1
16000209732,TRAFFIC (MOVING) VIOLATION,TRAFFIC RELATED CALLS,TRAFFIC RELATED CALLS,8100.202,-122.33565,47.607407,2016,6,1
16000209730,PARKING VIOLATION (EXCEPT ABANDONED VEHICLES),PARKING VIOLATIONS,TRAFFIC RELATED CALLS,100.3001,-122.29084,47.722977,2016,6,1
16000210069,SUSPICIOUS VEHICLE,SUSPICIOUS CIRCUMSTANCES,SUSPICIOUS CIRCUMSTANCES,9400.3032,-122.30426,47.58295,2016,6,1
16000210066,PARKING VIOLATION (EXCEPT ABANDONED VEHICLES),PARKING VIOLATIONS,TRAFFIC RELATED CALLS,7500.3014,-122.31993,47.621532,2016,6,1
16000209567,TRAFFIC (MOVING) VIOLATION,TRAFFIC RELATED CALLS,TRAFFIC RELATED CALLS,7200.1051,-122.339195,47.617256,2016,6,1
16000209594,SUSPICIOUS PERSON,SUSPICIOUS CIRCUMSTANCES,SUSPICIOUS CIRCUMSTANCES,200.2014,-122.299095,47.720207,2016,6,1
16000209589,TRAFFIC (MOVING) VIOLATION,TRAFFIC RELATED CALLS,TRAFFIC RELATED CALLS,8002.1002,-122.340454,47.610962,2016,6,1
16000209587,"DISTURBANCE, OTHER",DISTURBANCES,DISTURBANCES,1200.1011,-122.31785,47.708107,2016,6,1
16000209443,MOTOR VEHICLE COLLISION,TRAFFIC RELATED CALLS,MOTOR VEHICLE COLLISION INVESTIGATION,5301.1001,-122.30834,47.663963,2016,6,1
16000209673,SHOPLIFT,THEFT,SHOPLIFTING,5301.2002,-122.314224,47.664005,2016,6,1
16000209657,SUSPICIOUS VEHICLE,SUSPICIOUS CIRCUMSTANCES,SUSPICIOUS CIRCUMSTANCES,10900.1012,-122.32235,47.54053,2016,6,1
16000209637,"ASSAULTS, OTHER",ASSAULTS,ASSAULTS,3600.2024,-122.32574,47.680058,2016,6,1
16000209672,TRAFFIC (MOVING) VIOLATION,TRAFFIC RELATED CALLS,TRAFFIC RELATED CALLS,8100.2039,-122.33546,47.605515,2016,6,1
16000209659,SUSPICIOUS PERSON,SUSPICIOUS CIRCUMSTANCES,SUSPICIOUS CIRCUMSTANCES,11402.2006,-122.35846,47.52103,2016,6,1
16000209676,TRAFFIC (MOVING) VIOLATION,TRAFFIC RELATED CALLS,TRAFFIC RELATED CALLS,8100.202,-122.33565,47.607407,2016,6,1
16000209675,SUSPICIOUS PERSON,SUSPICIOUS CIRCUMSTANCES,SUSPICIOUS CIRCUMSTANCES,6700.2002,-122.34622,47.629734,2016,6,1
16000209667,THEFT - MISCELLANEOUS,THEFT,OTHER PROPERTY,7500.4015,-122.31946,47.614666,2016,6,1
16000209748,PARKING VIOLATION (EXCEPT ABANDONED VEHICLES),PARKING VIOLATIONS,TRAFFIC RELATED CALLS,9300.3117,-122.32134,47.569397,2016,6,1
16000209741,TRAFFIC (MOVING) VIOLATION,TRAFFIC RELATED CALLS,TRAFFIC RELATED CALLS,11800.6015,-122.26999,47.520557,2016,6,1
16000209737,PARKING VIOLATION (EXCEPT ABANDONED VEHICLES),PARKING VIOLATIONS,TRAFFIC RELATED CALLS,4400.3004,-122.30963,47.667477,2016,6,1
16000209848,PARKING VIOLATION (EXCEPT ABANDONED VEHICLES),PARKING VIOLATIONS,TRAFFIC RELATED CALLS,10300.1002,-122.27885,47.558197,2016,6,1
16000230335,SUSPICIOUS PERSON,SUSPICIOUS CIRCUMSTANCES,SUSPICIOUS CIRCUMSTANCES,7300.3023,-122.33574,47.616383,2016,6,1
16000229626,AUTO THEFT,AUTO THEFTS,AUTO THEFTS,7000.2004,-122.3642,47.624893,2016,6,1
16000230652,PROPERTY DESTRUCTION,PROPERTY DAMAGE,PROPERTY DAMAGE,9100.2004,-122.32506,47.59793,2016,6,1
16000209652,PEDESTRIAN VIOLATION,TRAFFIC RELATED CALLS,TRAFFIC RELATED CALLS,9300.1042,-122.32139,47.587307,2016,6,1
16000230354,THEFT - MISCELLANEOUS,THEFT,OTHER PROPERTY,11300.1,-122.342384,47.531956,2016,6,1
16000209578,MOTOR VEHICLE COLLISION,TRAFFIC RELATED CALLS,MOTOR VEHICLE COLLISION INVESTIGATION,1800.3008,-122.349976,47.69583,2016,6,1
16000209494,SUSPICIOUS PERSON,SUSPICIOUS CIRCUMSTANCES,SUSPICIOUS CIRCUMSTANCES,10900.2082,-122.320404,47.546577,2016,6,1
16000209480,"HARASSMENT, THREATS","THREATS, HARASSMENT","THREATS, HARASSMENT",10300.5014,-122.285385,47.55704,2016,6,1
16000209467,SUSPICIOUS PERSON,SUSPICIOUS CIRCUMSTANCES,SUSPICIOUS CIRCUMSTANCES,4800.2021,-122.357254,47.658653,2016,6,1
16000209571,TRAFFIC (MOVING) VIOLATION,TRAFFIC RELATED CALLS,TRAFFIC RELATED CALLS,5802.2027,-122.37599,47.632683,2016,6,1
16000209580,TRAFFIC (MOVING) VIOLATION,TRAFFIC RELATED CALLS,TRAFFIC RELATED CALLS,1200.5011,-122.33393,47.705036,2016,6,1
16000209508,THEFT - MISCELLANEOUS,THEFT,OTHER PROPERTY,11102.3,-122.27027,47.536957,2016,6,1
16000209491,MISSING PERSON,"PERSONS - LOST, FOUND, MISSING","PERSONS - LOST, FOUND, MISSING",7300.3016,-122.33848,47.61912,2016,6,1
16000230535,THEFT - MISCELLANEOUS,THEFT,OTHER PROPERTY,8100.2047,-122.32895,47.60172,2016,6,1
16000230461,SHOPLIFT,THEFT,SHOPLIFTING,8100.3003,-122.33845,47.608788,2016,6,1
16000230519,"DISTURBANCE, OTHER",DISTURBANCES,DISTURBANCES,8100.3003,-122.33845,47.608788,2016,6,1
16000209621,SUSPICIOUS PERSON,SUSPICIOUS CIRCUMSTANCES,SUSPICIOUS CIRCUMSTANCES,3300.5014,-122.37888,47.675995,2016,6,1
16000209611,ALACAD - COMMERCIAL BURGLARY (FALSE),BURGLARY ALACAD (FALSE),FALSE ALACAD,8200.1002,-122.334816,47.61237,2016,6,1
16000209610,CRISIS COMPLAINT - GENERAL,CRISIS CALL,BEHAVIORAL HEALTH,7402.3001,-122.32785,47.619038,2016,6,1
16000209640,TRAFFIC (MOVING) VIOLATION,TRAFFIC RELATED CALLS,TRAFFIC RELATED CALLS,8001.3001,-122.35399,47.617794,2016,6,1
16000209609,LIQUOR VIOLATION - INTOXICATED PERSON,LIQUOR VIOLATIONS,LIQUOR VIOLATIONS,8400.1008,-122.32077,47.613518,2016,6,1
16000230242,SUSPICIOUS PERSON,SUSPICIOUS CIRCUMSTANCES,SUSPICIOUS CIRCUMSTANCES,11600.2016,-122.38335,47.530663,2016,6,1
16000230207,SUSPICIOUS VEHICLE,SUSPICIOUS CIRCUMSTANCES,SUSPICIOUS CIRCUMSTANCES,1200.4001,-122.32602,47.710926,2016,6,1
16000230204,"CASUALTY (NON CRIMINAL/TRAFFIC) - MAN DOWN, SICK PERSONS, INJURED, DOA)",CASUALTIES,PERSON DOWN/INJURY,900.1005,-122.28041,47.717617,2016,6,1
16000230180,PARKING VIOLATION (EXCEPT ABANDONED VEHICLES),PARKING VIOLATIONS,TRAFFIC RELATED CALLS,10900.1013,-122.32235,47.54053,2016,6,1
16000230135,"DISTURBANCE, OTHER",DISTURBANCES,DISTURBANCES,100.3003,-122.29079,47.719254,2016,6,1
16000230088,SUSPICIOUS PERSON,SUSPICIOUS CIRCUMSTANCES,SUSPICIOUS CIRCUMSTANCES,10100.5038,-122.28442,47.564125,2016,6,1
16000209677,"MISCHIEF, NUISANCE COMPLAINTS","NUISANCE, MISCHIEF COMPLAINTS","NUISANCE, MISCHIEF",8001.2009,-122.34566,47.61404,2016,6,1
16000201647,"ASSAULTS, OTHER",ASSAULTS,ASSAULTS,9200.1011,-122.32571,47.599194,2016,6,1
16000209726,TRAFFIC (MOVING) VIOLATION,TRAFFIC RELATED CALLS,TRAFFIC RELATED CALLS,8100.2032,-122.335,47.606693,2016,6,1
16000209622,ARMED ROBBERY,GUN CALLS,ROBBERY,5400.2027,-122.336945,47.64805,2016,6,1
16000209723,TRAFFIC (MOVING) VIOLATION,TRAFFIC RELATED CALLS,TRAFFIC RELATED CALLS,8100.2009,-122.337234,47.60998,2016,6,1
16000209720,SUSPICIOUS PERSON,SUSPICIOUS CIRCUMSTANCES,SUSPICIOUS CIRCUMSTANCES,3000.2007,-122.37949,47.6906,2016,6,1
16000209712,BLOCKING VEHICLE,TRAFFIC RELATED CALLS,TRAFFIC RELATED CALLS,10402.1014,-122.31597,47.548588,2016,6,1
16000209709,LEWD CONDUCT,LIQUOR VIOLATIONS,LEWD CONDUCT,8100.2009,-122.33689,47.61044,2016,6,1
16000230490,NOISE DISTURBANCE,DISTURBANCES,DISTURBANCES,11800.1009,-122.264915,47.526733,2016,6,1
16000209804,TRAFFIC (MOVING) VIOLATION,TRAFFIC RELATED CALLS,TRAFFIC RELATED CALLS,5802.201,-122.36982,47.62766,2016,6,1
16000209799,MOTOR VEHICLE COLLISION,TRAFFIC RELATED CALLS,MOTOR VEHICLE COLLISION INVESTIGATION,8700.1014,-122.30502,47.608013,2016,6,1
16000209752,PARKING VIOLATION (EXCEPT ABANDONED VEHICLES),PARKING VIOLATIONS,TRAFFIC RELATED CALLS,11700.3011,-122.28482,47.52611,2016,6,1
16000209742,DRIVING WHILE UNDER INFLUENCE (DUI),TRAFFIC RELATED CALLS,TRAFFIC RELATED CALLS,1600.3007,-122.37659,47.693142,2016,6,1
16000209691,PROPERTY DESTRUCTION,PROPERTY DAMAGE,PROPERTY DAMAGE,11800.3007,-122.26166,47.5179,2016,6,1
16000209679,PARKING VIOLATION (EXCEPT ABANDONED VEHICLES),PARKING VIOLATIONS,TRAFFIC RELATED CALLS,9100.2003,-122.32636,47.59835,2016,6,1
16000230541,NOISE DISTURBANCE,DISTURBANCES,DISTURBANCES,7900.2002,-122.308846,47.615704,2016,6,1
16000209807,MOTOR VEHICLE COLLISION,TRAFFIC RELATED CALLS,MOTOR VEHICLE COLLISION INVESTIGATION,8500.2008,-122.321144,47.606647,2016,6,1
16000209782,MOTOR VEHICLE COLLISION,TRAFFIC RELATED CALLS,MOTOR VEHICLE COLLISION INVESTIGATION,6000.402,-122.36073,47.647778,2016,6,1
16000209769,SUSPICIOUS VEHICLE,SUSPICIOUS CIRCUMSTANCES,SUSPICIOUS CIRCUMSTANCES,4900.401,-122.34995,47.656662,2016,6,1
16000209722,TRESPASS,TRESPASS,TRESPASS,4700.2075,-122.36611,47.658733,2016,6,1
16000209651,MOTOR VEHICLE COLLISION,TRAFFIC RELATED CALLS,MOTOR VEHICLE COLLISION INVESTIGATION,4200.302,-122.29015,47.663754,2016,6,1
16000209618,DRIVING WHILE UNDER INFLUENCE (DUI),TRAFFIC RELATED CALLS,TRAFFIC RELATED CALLS,7900.1006,-122.303635,47.61293,2016,6,1
16000209615,DRIVING WHILE UNDER INFLUENCE (DUI),TRAFFIC RELATED CALLS,TRAFFIC RELATED CALLS,6300.2024,-122.28546,47.630745,2016,6,1
16000209614,SUSPICIOUS PERSON,SUSPICIOUS CIRCUMSTANCES,SUSPICIOUS CIRCUMSTANCES,5301.1005,-122.31026,47.663067,2016,6,1
16000209564,TRAFFIC (MOVING) VIOLATION,TRAFFIC RELATED CALLS,TRAFFIC RELATED CALLS,9100.1004,-122.31723,47.600014,2016,6,1
16000209384,"BURGLARY - RESIDENTIAL, UNOCCUPIED",RESIDENTIAL BURGLARIES,BURGLARY,11700.3021,-122.283714,47.52365,2016,6,1
16000230272,SUSPICIOUS PERSON,SUSPICIOUS CIRCUMSTANCES,SUSPICIOUS CIRCUMSTANCES,10900.1022,-122.317894,47.537086,2016,6,1
16000230368,"CASUALTY (NON CRIMINAL/TRAFFIC) - MAN DOWN, SICK PERSONS, INJURED, DOA)",CASUALTIES,PERSON DOWN/INJURY,10002.2015,-122.31121,47.578205,2016,6,1
16000230344,SUSPICIOUS PERSON,SUSPICIOUS CIRCUMSTANCES,SUSPICIOUS CIRCUMSTANCES,7402.3001,-122.32785,47.619038,2016,6,1
16000230343,LIQUOR VIOLATION - INTOXICATED PERSON,LIQUOR VIOLATIONS,LIQUOR VIOLATIONS,7500.5004,-122.32088,47.619904,2016,6,1
16000230334,MOTOR VEHICLE COLLISION,TRAFFIC RELATED CALLS,MOTOR VEHICLE COLLISION INVESTIGATION,7500.4016,-122.32078,47.614075,2016,6,1
16000230281,MOTOR VEHICLE COLLISION,TRAFFIC RELATED CALLS,MOTOR VEHICLE COLLISION INVESTIGATION,200.4005,-122.31269,47.729385,2016,6,1
16000230071,"CASUALTY (NON CRIMINAL/TRAFFIC) - MAN DOWN, SICK PERSONS, INJURED, DOA)",CASUALTIES,PERSON DOWN/INJURY,3100.5009,-122.40042,47.685337,2016,6,1
16000229943,PROPERTY - FOUND (FOLLOW UP TO SPD CASE),"PROPERTY - MISSING, FOUND","PROPERTY - MISSING, FOUND",7500.4006,-122.31685,47.614685,2016,6,1
16000229914,SUSPICIOUS VEHICLE,SUSPICIOUS CIRCUMSTANCES,SUSPICIOUS CIRCUMSTANCES,600.1004,-122.3423,47.72551,2016,6,1
16000209595,SUSPICIOUS PERSON,SUSPICIOUS CIRCUMSTANCES,SUSPICIOUS CIRCUMSTANCES,7401.1001,-122.32404,47.62512,2016,6,1
16000206894,SUSPICIOUS PERSON,SUSPICIOUS CIRCUMSTANCES,SUSPICIOUS CIRCUMSTANCES,6300.1013,-122.27844,47.638035,2016,6,1
16000206532,"NARCOTICS, OTHER",NARCOTICS COMPLAINTS,NARCOTICS COMPLAINTS,11500.3015,-122.37662,47.533554,2016,6,1
16000209653,SUSPICIOUS VEHICLE,SUSPICIOUS CIRCUMSTANCES,SUSPICIOUS CIRCUMSTANCES,11001.3032,-122.280594,47.53154,2016,6,1
16000209665,ALACAD - COMMERCIAL BURGLARY (FALSE),BURGLARY ALACAD (FALSE),FALSE ALACAD,7500.3014,-122.3209,47.621532,2016,6,1
16000209661,TRAFFIC (MOVING) VIOLATION,TRAFFIC RELATED CALLS,TRAFFIC RELATED CALLS,7200.1049,-122.33962,47.61693,2016,6,1
16000209566,SUSPICIOUS PERSON,SUSPICIOUS CIRCUMSTANCES,SUSPICIOUS CIRCUMSTANCES,3600.102,-122.319695,47.67585,2016,6,1
16000209631,TRAFFIC (MOVING) VIOLATION,TRAFFIC RELATED CALLS,TRAFFIC RELATED CALLS,8100.2004,-122.33835,47.609516,2016,6,1
16000209612,"DISTURBANCE, OTHER",DISTURBANCES,DISTURBANCES,8900.3022,-122.29986,47.60008,2016,6,1
16000230556,"DISTURBANCE, OTHER",DISTURBANCES,DISTURBANCES,100.5004,-122.29525,47.721092,2016,6,1
16000209715,MOTOR VEHICLE COLLISION,TRAFFIC RELATED CALLS,MOTOR VEHICLE COLLISION INVESTIGATION,1400.2003,-122.35547,47.706898,2016,6,1
16000204771,SHOPLIFT,THEFT,SHOPLIFTING,600.3007,-122.34483,47.713547,2016,6,1
16000209778,PARKING VIOLATION (EXCEPT ABANDONED VEHICLES),PARKING VIOLATIONS,TRAFFIC RELATED CALLS,5400.2027,-122.33634,47.64862,2016,6,1
16000209909,TRAFFIC (MOVING) VIOLATION,TRAFFIC RELATED CALLS,TRAFFIC RELATED CALLS,11800.6011,-122.26632,47.52807,2016,6,1
16000209896,PARKING VIOLATION (EXCEPT ABANDONED VEHICLES),PARKING VIOLATIONS,TRAFFIC RELATED CALLS,11200.3007,-122.31895,47.525604,2016,6,1
16000209892,"MISCHIEF, NUISANCE COMPLAINTS","NUISANCE, MISCHIEF COMPLAINTS","NUISANCE, MISCHIEF",9900.1007,-122.372185,47.571255,2016,6,1
16000209887,"CASUALTY (NON CRIMINAL/TRAFFIC) - MAN DOWN, SICK PERSONS, INJURED, DOA)",CASUALTIES,PERSON DOWN/INJURY,7500.4006,-122.31685,47.614685,2016,6,1
16000209396,FIGHT DISTURBANCE,DISTURBANCES,DISTURBANCES,2200.1006,-122.288155,47.70475,2016,6,1
16000209649,SUSPICIOUS PERSON,SUSPICIOUS CIRCUMSTANCES,SUSPICIOUS CIRCUMSTANCES,9900.4057,-122.36043,47.57146,2016,6,1
16000209689,TRAFFIC (MOVING) VIOLATION,TRAFFIC RELATED CALLS,TRAFFIC RELATED CALLS,11800.6013,-122.26999,47.52933,2016,6,1
16000209693,TRAFFIC (MOVING) VIOLATION,TRAFFIC RELATED CALLS,TRAFFIC RELATED CALLS,7200.1068,-122.34133,47.61383,2016,6,1
16000230454,LIQUOR VIOLATION - INTOXICATED PERSON,LIQUOR VIOLATIONS,LIQUOR VIOLATIONS,8100.2009,-122.33825,47.610245,2016,6,1
16000209681,PARKING VIOLATION (EXCEPT ABANDONED VEHICLES),PARKING VIOLATIONS,TRAFFIC RELATED CALLS,7200.1068,-122.34284,47.613552,2016,6,1
16000209655,AUTO THEFT,AUTO THEFTS,AUTO THEFTS,4400.301,-122.30718,47.665627,2016,6,1
16000209487,DRIVING WHILE UNDER INFLUENCE (DUI),TRAFFIC RELATED CALLS,TRAFFIC RELATED CALLS,10900.2103,-122.33131,47.54488,2016,6,1
16000209821,ALACAD - COMMERCIAL BURGLARY (FALSE),BURGLARY ALACAD (FALSE),FALSE ALACAD,4700.4033,-122.37946,47.66441,2016,6,1
16000209805,THEFT - MISCELLANEOUS,THEFT,OTHER PROPERTY,9300.2028,-122.32905,47.592392,2016,6,1
16000209800,SUSPICIOUS PERSON,SUSPICIOUS CIRCUMSTANCES,SUSPICIOUS CIRCUMSTANCES,6100.4014,-122.32468,47.640877,2016,6,1
16000209790,PARKING VIOLATION (EXCEPT ABANDONED VEHICLES),PARKING VIOLATIONS,TRAFFIC RELATED CALLS,2800.4017,-122.34856,47.68694,2016,6,1
16000230407,PROSTITUTION,VICE CALLS,PROSTITUTION,10900.2008,-122.329544,47.554897,2016,6,1
16000209885,SHOPLIFT,THEFT,SHOPLIFTING,8100.2005,-122.33732,47.61132,2016,6,1
16000209701,"BURGLARY - RESIDENTIAL, UNOCCUPIED",RESIDENTIAL BURGLARIES,BURGLARY,4100.1019,-122.25952,47.669476,2016,6,1
16000230301,SUSPICIOUS PERSON,SUSPICIOUS CIRCUMSTANCES,SUSPICIOUS CIRCUMSTANCES,8001.2009,-122.34566,47.61404,2016,6,1
16000230295,THEFT - MISCELLANEOUS,THEFT,OTHER PROPERTY,10600.6007,-122.387115,47.549397,2016,6,1
16000230252,ALACAD - RESIDENTIAL BURGLARY (FALSE),BURGLARY ALACAD (FALSE),FALSE ALACAD,9800.1021,-122.38855,47.581184,2016,6,1
16000230249,MOTOR VEHICLE COLLISION,TRAFFIC RELATED CALLS,MOTOR VEHICLE COLLISION INVESTIGATION,5400.3018,-122.34268,47.65053,2016,6,1
16000230244,"ASSAULTS, OTHER",ASSAULTS,ASSAULTS,8100.2041,-122.331406,47.602768,2016,6,1
16000230206,"MISCHIEF, NUISANCE COMPLAINTS","NUISANCE, MISCHIEF COMPLAINTS","NUISANCE, MISCHIEF",4700.4005,-122.38474,47.670547,2016,6,1
16000230076,BURGLARY - COMMERCIAL,COMMERCIAL BURGLARIES,BURGLARY,8100.1035,-122.334175,47.60215,2016,6,1
16000229990,"NARCOTICS, OTHER",NARCOTICS COMPLAINTS,NARCOTICS COMPLAINTS,1800.1006,-122.3385,47.694153,2016,6,1
16000230358,SUSPICIOUS PERSON,SUSPICIOUS CIRCUMSTANCES,SUSPICIOUS CIRCUMSTANCES,9200.2021,-122.33482,47.600044,2016,6,1
16000230322,SUSPICIOUS PERSON,SUSPICIOUS CIRCUMSTANCES,SUSPICIOUS CIRCUMSTANCES,1200.4002,-122.32797,47.709953,2016,6,1
16000230313,BURGLARY - UNOCCUPIED STRUCTURE ON RESIDENTIAL PROPERTY,RESIDENTIAL BURGLARIES,BURGLARY,7900.4007,-122.31212,47.614773,2016,6,1
16000209820,TRESPASS,TRESPASS,TRESPASS,8100.3013,-122.34067,47.60786,2016,6,1
16000230623,"DISTURBANCE, OTHER",DISTURBANCES,DISTURBANCES,7500.4006,-122.31683,47.614105,2016,6,1
16000230447,CRISIS COMPLAINT - GENERAL,CRISIS CALL,BEHAVIORAL HEALTH,8600.3009,-122.317444,47.602688,2016,6,1
16000209747,PROPERTY DESTRUCTION,PROPERTY DAMAGE,PROPERTY DAMAGE,4700.401,-122.38558,47.66814,2016,6,1
16000210093,MOTOR VEHICLE COLLISION,TRAFFIC RELATED CALLS,MOTOR VEHICLE COLLISION INVESTIGATION,9300.308,-122.32067,47.58104,2016,6,1
16000210046,PARKING VIOLATION (EXCEPT ABANDONED VEHICLES),PARKING VIOLATIONS,TRAFFIC RELATED CALLS,8300.1004,-122.32589,47.610996,2016,6,1
16000210040,ALACAD - RESIDENTIAL PANIC (FALSE),PANIC ALACAD (FALSE),FALSE ALACAD,3800.1004,-122.295166,47.678505,2016,6,1
16000210091,FRAUD (INCLUDING IDENTITY THEFT),FRAUD CALLS,FRAUD CALLS,9600.5014,-122.39413,47.589504,2016,6,1
16000210087,PARKING VIOLATION (EXCEPT ABANDONED VEHICLES),PARKING VIOLATIONS,TRAFFIC RELATED CALLS,10300.2017,-122.27948,47.54742,2016,6,1
16000210082,"MISCHIEF, NUISANCE COMPLAINTS","NUISANCE, MISCHIEF COMPLAINTS","NUISANCE, MISCHIEF",11200.2042,-122.32552,47.530544,2016,6,1
16000210017,PARKING VIOLATION (EXCEPT ABANDONED VEHICLES),PARKING VIOLATIONS,TRAFFIC RELATED CALLS,2400.2002,-122.28315,47.68485,2016,6,1
16000209862,THEFT - MISCELLANEOUS,THEFT,OTHER PROPERTY,11800.4,-122.26998,47.52474,2016,6,1
16000209838,SUSPICIOUS PERSON,SUSPICIOUS CIRCUMSTANCES,SUSPICIOUS CIRCUMSTANCES,1200.3003,-122.321915,47.708588,2016,6,1
16000209828,THEFT - CAR PROWL,CAR PROWL,CAR PROWL,4100.3008,-122.28039,47.65916,2016,6,1
16000209792,MOTOR VEHICLE COLLISION,TRAFFIC RELATED CALLS,MOTOR VEHICLE COLLISION INVESTIGATION,9300.3018,-122.3342,47.583977,2016,6,1
16000209960,ALACAD - RESIDENTIAL BURGLARY (FALSE),BURGLARY ALACAD (FALSE),FALSE ALACAD,11500.2021,-122.37865,47.52468,2016,6,1
16000209955,HAZARDS,HAZARDS,HAZARDS,7200.2017,-122.34703,47.616024,2016,6,1
16000209944,LICENSE PLATE THEFT OR LOSS,CAR PROWL,CAR PROWL,4200.2012,-122.28082,47.671196,2016,6,1
16000210415,ALACAD - RESIDENTIAL BURGLARY (FALSE),BURGLARY ALACAD (FALSE),FALSE ALACAD,11102.3003,-122.27132,47.53366,2016,6,1
16000210398,FIGHT DISTURBANCE,DISTURBANCES,DISTURBANCES,1200.4011,-122.32328,47.708595,2016,6,1
16000210349,"ASSAULTS, OTHER",ASSAULTS,ASSAULTS,9200.1012,-122.32636,47.59919,2016,6,1
16000210334,SUSPICIOUS PERSON,SUSPICIOUS CIRCUMSTANCES,SUSPICIOUS CIRCUMSTANCES,3200.4005,-122.40557,47.672127,2016,6,1
16000210295,CRISIS COMPLAINT - GENERAL,CRISIS CALL,BEHAVIORAL HEALTH,1000.1007,-122.30099,47.70944,2016,6,1
16000210192,"MISCHIEF, NUISANCE COMPLAINTS","NUISANCE, MISCHIEF COMPLAINTS","NUISANCE, MISCHIEF",4700.2005,-122.37755,47.667892,2016,6,1
16000209818,SUSPICIOUS PERSON,SUSPICIOUS CIRCUMSTANCES,SUSPICIOUS CIRCUMSTANCES,10300.1002,-122.27885,47.558197,2016,6,1
16000209922,ARMED ROBBERY,GUN CALLS,ROBBERY,4700.2076,-122.37622,47.660515,2016,6,1
16000210142,SUSPICIOUS PERSON,SUSPICIOUS CIRCUMSTANCES,SUSPICIOUS CIRCUMSTANCES,3500.3006,-122.35439,47.671795,2016,6,1
16000209728,BLOCKING VEHICLE,TRAFFIC RELATED CALLS,TRAFFIC RELATED CALLS,8002.2003,-122.34753,47.61279,2016,6,1
16000209727,SUSPICIOUS VEHICLE,SUSPICIOUS CIRCUMSTANCES,SUSPICIOUS CIRCUMSTANCES,1900.2007,-122.318954,47.695843,2016,6,1
16000209719,SUSPICIOUS PERSON,SUSPICIOUS CIRCUMSTANCES,SUSPICIOUS CIRCUMSTANCES,9200.1002,-122.32635,47.601707,2016,6,1
16000209823,PARKING VIOLATION (EXCEPT ABANDONED VEHICLES),PARKING VIOLATIONS,TRAFFIC RELATED CALLS,9500.4011,-122.29139,47.57638,2016,6,1
16000209873,"DISTURBANCE, OTHER",DISTURBANCES,DISTURBANCES,5301.3001,-122.31315,47.660534,2016,6,1
16000209851,SUSPICIOUS PERSON,SUSPICIOUS CIRCUMSTANCES,SUSPICIOUS CIRCUMSTANCES,5301.3006,-122.31552,47.65834,2016,6,1
16000209831,"DISTURBANCE, OTHER",DISTURBANCES,DISTURBANCES,8400.2007,-122.32357,47.61098,2016,6,1
16000209794,PROPERTY DESTRUCTION,PROPERTY DAMAGE,PROPERTY DAMAGE,4400.1022,-122.309616,47.669453,2016,6,1
16000230635,"DISTURBANCE, OTHER",DISTURBANCES,DISTURBANCES,7500.101,-122.31391,47.61996,2016,6,1
16000230101,CRISIS COMPLAINT - GENERAL,CRISIS CALL,BEHAVIORAL HEALTH,10401.301,-122.287315,47.546078,2016,6,1
16000229904,PARKING VIOLATION (EXCEPT ABANDONED VEHICLES),PARKING VIOLATIONS,TRAFFIC RELATED CALLS,11700.4,-122.27965,47.52187,2016,6,1
16000230336,"MISCHIEF, NUISANCE COMPLAINTS","NUISANCE, MISCHIEF COMPLAINTS","NUISANCE, MISCHIEF",7500.3014,-122.3209,47.621532,2016,6,1
16000230318,"CASUALTY (NON CRIMINAL/TRAFFIC) - MAN DOWN, SICK PERSONS, INJURED, DOA)",CASUALTIES,PERSON DOWN/INJURY,7200.1067,-122.3409,47.612396,2016,6,1
16000209755,TRAFFIC (MOVING) VIOLATION,TRAFFIC RELATED CALLS,TRAFFIC RELATED CALLS,9300.3091,-122.31967,47.57717,2016,6,1
16000209685,TRESPASS,TRESPASS,TRESPASS,1800.2006,-122.34454,47.69238,2016,6,1
16000209663,PARKING VIOLATION (EXCEPT ABANDONED VEHICLES),PARKING VIOLATIONS,TRAFFIC RELATED CALLS,4500.2006,-122.32417,47.67154,2016,6,1
16000209738,"DISTURBANCE, OTHER",DISTURBANCES,DISTURBANCES,8001.101,-122.349686,47.615246,2016,6,1
16000209890,THEFT - MISCELLANEOUS,THEFT,OTHER PROPERTY,2900.2012,-122.35821,47.681797,2016,6,1
16000230027,MOTOR VEHICLE COLLISION,TRAFFIC RELATED CALLS,MOTOR VEHICLE COLLISION INVESTIGATION,10900.1013,-122.323685,47.540512,2016,6,1
16000227739,AUTO THEFT,AUTO THEFTS,AUTO THEFTS,9200.2002,-122.33139,47.601074,2016,6,1
16000230220,ARMED ROBBERY,GUN CALLS,ROBBERY,9100.1024,-122.31723,47.59708,2016,6,1
16000230417,"DISTURBANCE, OTHER",DISTURBANCES,DISTURBANCES,7401.2007,-122.32091,47.621986,2016,6,1
16000209224,MOTOR VEHICLE COLLISION,TRAFFIC RELATED CALLS,MOTOR VEHICLE COLLISION INVESTIGATION,1200.2007,-122.323135,47.70178,2016,6,1
16000208866,PROPERTY DESTRUCTION,PROPERTY DAMAGE,PROPERTY DAMAGE,11402.3003,-122.36728,47.518288,2016,6,1
16000209707,SUSPICIOUS PERSON,SUSPICIOUS CIRCUMSTANCES,SUSPICIOUS CIRCUMSTANCES,8400.2005,-122.32455,47.612053,2016,6,1
16000230483,"DISTURBANCE, OTHER",DISTURBANCES,DISTURBANCES,600.403,-122.33508,47.706852,2016,6,1
16000230671,TRAFFIC (MOVING) VIOLATION,TRAFFIC RELATED CALLS,TRAFFIC RELATED CALLS,200.2015,-122.29909,47.7193,2016,6,1
16000230656,ALACAD - RESIDENTIAL BURGLARY (FALSE),BURGLARY ALACAD (FALSE),FALSE ALACAD,10002.4008,-122.31224,47.57509,2016,6,1
16000230646,"DISTURBANCE, OTHER",DISTURBANCES,DISTURBANCES,7200.3,-122.34742,47.618275,2016,6,1
16000230241,HAZARDS,HAZARDS,HAZARDS,7700.4015,-122.3026,47.617107,2016,6,1
16000230584,"MISCHIEF, NUISANCE COMPLAINTS","NUISANCE, MISCHIEF COMPLAINTS","NUISANCE, MISCHIEF",3600.2017,-122.3272,47.682976,2016,6,1
16000230579,"MISCHIEF, NUISANCE COMPLAINTS","NUISANCE, MISCHIEF COMPLAINTS","NUISANCE, MISCHIEF",3600.2017,-122.326706,47.682228,2016,6,1
16000230537,STRONG ARM ROBBERY,ROBBERY,ROBBERY,1200.5002,-122.332855,47.709564,2016,6,1
16000230520,"HARASSMENT, THREATS","THREATS, HARASSMENT","THREATS, HARASSMENT",7402.3006,-122.326805,47.61671,2016,6,1
16000230697,SUSPICIOUS VEHICLE,SUSPICIOUS CIRCUMSTANCES,SUSPICIOUS CIRCUMSTANCES,7500.4016,-122.32078,47.614075,2016,6,1
16000230692,SUSPICIOUS VEHICLE,SUSPICIOUS CIRCUMSTANCES,SUSPICIOUS CIRCUMSTANCES,8400.1004,-122.32553,47.61522,2016,6,1
16000230691,"DISTURBANCE, OTHER",DISTURBANCES,DISTURBANCES,4200.2023,-122.2812,47.66697,2016,6,1
16000230688,ALACAD - COMMERCIAL BURGLARY (FALSE),BURGLARY ALACAD (FALSE),FALSE ALACAD,8100.2015,-122.33835,47.609516,2016,6,1
16000230686,SUSPICIOUS PERSON,SUSPICIOUS CIRCUMSTANCES,SUSPICIOUS CIRCUMSTANCES,5301.2002,-122.31421,47.664906,2016,6,1
16000230670,FRAUD (INCLUDING IDENTITY THEFT),FRAUD CALLS,FRAUD CALLS,1200.401,-122.324615,47.708603,2016,6,1
16000209702,TRAFFIC (MOVING) VIOLATION,TRAFFIC RELATED CALLS,TRAFFIC RELATED CALLS,10001.301,-122.29723,47.56182,2016,6,1
16000209713,"SUSPICIOUS CIRCUMSTANCES - BUILDING (OPEN DOOR, ETC.)",SUSPICIOUS CIRCUMSTANCES,SUSPICIOUS CIRCUMSTANCES,7401.2007,-122.321465,47.62199,2016,6,1
16000209759,PARKING VIOLATION (EXCEPT ABANDONED VEHICLES),PARKING VIOLATIONS,TRAFFIC RELATED CALLS,9300.3064,-122.32134,47.569397,2016,6,1
16000209788,SHOPLIFT,THEFT,SHOPLIFTING,5301.2002,-122.314224,47.664005,2016,6,1
16000230265,AUTO THEFT,AUTO THEFTS,AUTO THEFTS,9000.2009,-122.31158,47.60084,2016,6,1
16000230224,"DISTURBANCE, OTHER",DISTURBANCES,DISTURBANCES,4302.2001,-122.30247,47.6676,2016,6,1
16000230209,THEFT - CAR PROWL,CAR PROWL,CAR PROWL,5400.4013,-122.34249,47.654392,2016,6,1
16000230176,SUSPICIOUS VEHICLE,SUSPICIOUS CIRCUMSTANCES,SUSPICIOUS CIRCUMSTANCES,1800.301,-122.34457,47.694183,2016,6,1
16000230158,THEFT - MISCELLANEOUS,THEFT,OTHER PROPERTY,8100.2045,-122.32944,47.602287,2016,6,1
16000209779,TRAFFIC (MOVING) VIOLATION,TRAFFIC RELATED CALLS,TRAFFIC RELATED CALLS,9300.3113,-122.319824,47.569153,2016,6,1
16000209776,ALACAD - COMMERCIAL PANIC (FALSE),PANIC ALACAD (FALSE),FALSE ALACAD,6600.1033,-122.326935,47.63288,2016,6,1
16000209774,ABANDONED VEHICLE,PARKING VIOLATIONS,TRAFFIC RELATED CALLS,6900.2006,-122.36763,47.63292,2016,6,1
16000209773,TRESPASS,TRESPASS,TRESPASS,200.2004,-122.305244,47.719345,2016,6,1
16000209771,TRAFFIC (MOVING) VIOLATION,TRAFFIC RELATED CALLS,TRAFFIC RELATED CALLS,5802.201,-122.36982,47.62766,2016,6,1
16000209762,SUSPICIOUS PERSON,SUSPICIOUS CIRCUMSTANCES,SUSPICIOUS CIRCUMSTANCES,4600.1005,-122.339035,47.670197,2016,6,1
16000209930,PARKING VIOLATION (EXCEPT ABANDONED VEHICLES),PARKING VIOLATIONS,TRAFFIC RELATED CALLS,9800.4003,-122.38677,47.56928,2016,6,1
16000209928,"CASUALTY (NON CRIMINAL/TRAFFIC) - MAN DOWN, SICK PERSONS, INJURED, DOA)",CASUALTIES,PERSON DOWN/INJURY,8100.2006,-122.33926,47.61051,2016,6,1
16000230312,"DISTURBANCE, OTHER",DISTURBANCES,DISTURBANCES,9300.1047,-122.321396,47.586205,2016,6,1
16000209734,"DISTURBANCE, OTHER",DISTURBANCES,DISTURBANCES,7100.2002,-122.35283,47.620342,2016,6,1
16000210072,ALACAD - RESIDENTIAL BURGLARY (FALSE),BURGLARY ALACAD (FALSE),FALSE ALACAD,2500.2003,-122.305145,47.68123,2016,6,1
16000210068,PARKING VIOLATION (EXCEPT ABANDONED VEHICLES),PARKING VIOLATIONS,TRAFFIC RELATED CALLS,3300.2002,-122.37357,47.675953,2016,6,1
16000209777,"DISTURBANCE, OTHER",DISTURBANCES,DISTURBANCES,8001.2,-122.34742,47.615086,2016,6,1
16000209785,GANG GRAFFITI,PROPERTY DAMAGE,PROPERTY DAMAGE,11402.2001,-122.35646,47.52195,2016,6,1
16000209660,AUTO THEFT,AUTO THEFTS,AUTO THEFTS,10300.501,-122.28073,47.55743,2016,6,1
16000209786,TRAFFIC (MOVING) VIOLATION,TRAFFIC RELATED CALLS,TRAFFIC RELATED CALLS,11800.2006,-122.25606,47.51742,2016,6,1
16000230653,PROPERTY DESTRUCTION,PROPERTY DAMAGE,PROPERTY DAMAGE,10702.1012,-122.37165,47.548298,2016,6,1
16000209886,"DISTURBANCE, OTHER",DISTURBANCES,DISTURBANCES,10300.5004,-122.28492,47.5601,2016,6,1
16000209866,SHOPLIFT,THEFT,SHOPLIFTING,8600.2014,-122.320755,47.606842,2016,6,1
16000209822,STRONG ARM ROBBERY,ROBBERY,ROBBERY,9000.2033,-122.31344,47.596653,2016,6,1
16000209767,PROPERTY DESTRUCTION,PROPERTY DAMAGE,PROPERTY DAMAGE,1300.101,-122.333916,47.70413,2016,6,1
16000209766,MOTOR VEHICLE COLLISION,TRAFFIC RELATED CALLS,MOTOR VEHICLE COLLISION INVESTIGATION,10900.2019,-122.33431,47.548267,2016,6,1
16000209724,MOTOR VEHICLE COLLISION,TRAFFIC RELATED CALLS,MOTOR VEHICLE COLLISION INVESTIGATION,10300.4017,-122.287926,47.55124,2016,6,1
16000230518,TRAFFIC (MOVING) VIOLATION,TRAFFIC RELATED CALLS,TRAFFIC RELATED CALLS,7100.1002,-122.36512,47.624146,2016,6,1
16000230509,LIQUOR VIOLATION - INTOXICATED PERSON,LIQUOR VIOLATIONS,LIQUOR VIOLATIONS,8100.2043,-122.331085,47.602413,2016,6,1
16000210108,LIQUOR VIOLATION - INTOXICATED PERSON,LIQUOR VIOLATIONS,LIQUOR VIOLATIONS,9200.2028,-122.33081,47.600464,2016,6,1
16000230485,AUTO RECOVERY,AUTO RECOVERIES,AUTO THEFTS,8001.1005,-122.3489,47.61713,2016,6,1
16000209983,PERSON WITH A WEAPON (NOT GUN),WEAPONS CALLS,WEAPONS CALLS,8100.2004,-122.33759,47.611206,2016,6,1
16000209978,SHOPLIFT,THEFT,SHOPLIFTING,9000.2033,-122.31344,47.596653,2016,6,1
16000209977,"DISTURBANCE, OTHER",DISTURBANCES,DISTURBANCES,1900.1005,-122.328514,47.70227,2016,6,1
16000209966,ABANDONED VEHICLE,PARKING VIOLATIONS,TRAFFIC RELATED CALLS,6100.2028,-122.32135,47.64045,2016,6,1
16000209965,PARKING VIOLATION (EXCEPT ABANDONED VEHICLES),PARKING VIOLATIONS,TRAFFIC RELATED CALLS,6000.1006,-122.34298,47.6403,2016,6,1
16000209961,ALACAD - RESIDENTIAL BURGLARY (FALSE),BURGLARY ALACAD (FALSE),FALSE ALACAD,11101.4023,-122.27675,47.543346,2016,6,1
16000209951,THEFT - MISCELLANEOUS,THEFT,OTHER PROPERTY,8002.1005,-122.34457,47.61222,2016,6,1
16000209947,PARKING VIOLATION (EXCEPT ABANDONED VEHICLES),PARKING VIOLATIONS,TRAFFIC RELATED CALLS,6100.301,-122.32588,47.645622,2016,6,1
16000210330,SUSPICIOUS PERSON,SUSPICIOUS CIRCUMSTANCES,SUSPICIOUS CIRCUMSTANCES,7300.3022,-122.33617,47.616055,2016,6,1
16000210325,"MISCHIEF, NUISANCE COMPLAINTS","NUISANCE, MISCHIEF COMPLAINTS","NUISANCE, MISCHIEF",11700.1003,-122.27927,47.52611,2016,6,1
16000210322,PARKING VIOLATION (EXCEPT ABANDONED VEHICLES),PARKING VIOLATIONS,TRAFFIC RELATED CALLS,9400.3038,-122.30167,47.582954,2016,6,1
16000210321,PARKING VIOLATION (EXCEPT ABANDONED VEHICLES),PARKING VIOLATIONS,TRAFFIC RELATED CALLS,8001.3001,-122.35416,47.61789,2016,6,1
16000210299,SUSPICIOUS PERSON,SUSPICIOUS CIRCUMSTANCES,SUSPICIOUS CIRCUMSTANCES,10500.4003,-122.38678,47.561104,2016,6,1
16000210273,PROPERTY - MISSING,"PROPERTY - MISSING, FOUND","PROPERTY - MISSING, FOUND",7300.3022,-122.33617,47.616055,2016,6,1
16000210208,PARKING VIOLATION (EXCEPT ABANDONED VEHICLES),PARKING VIOLATIONS,TRAFFIC RELATED CALLS,4900.2017,-122.347435,47.650158,2016,6,1
16000210074,"DISTURBANCE, OTHER",DISTURBANCES,DISTURBANCES,7200.1067,-122.34068,47.613445,2016,6,1
16000210025,"HARASSMENT, THREATS","THREATS, HARASSMENT","THREATS, HARASSMENT",600.1016,-122.34499,47.725037,2016,6,1
16000210001,THEFT - MISCELLANEOUS,THEFT,OTHER PROPERTY,7300.302,-122.33844,47.618244,2016,6,1
16000230431,SHOPLIFT,THEFT,SHOPLIFTING,7200.1074,-122.34584,47.618565,2016,6,1
16000230689,TRESPASS,TRESPASS,TRESPASS,5000.1042,-122.33991,47.661385,2016,6,1
16000230628,PROPERTY DESTRUCTION,PROPERTY DAMAGE,PROPERTY DAMAGE,4301.1002,-122.30009,47.667988,2016,6,1
16000230603,LIQUOR VIOLATION - INTOXICATED PERSON,LIQUOR VIOLATIONS,LIQUOR VIOLATIONS,9200.2028,-122.33081,47.600464,2016,6,1
16000230601,SUSPICIOUS PERSON,SUSPICIOUS CIRCUMSTANCES,SUSPICIOUS CIRCUMSTANCES,7600.301,-122.31271,47.620502,2016,6,1
16000230597,NOISE DISTURBANCE,DISTURBANCES,DISTURBANCES,9701.3008,-122.40208,47.582703,2016,6,1
16000230592,TRAFFIC (MOVING) VIOLATION,TRAFFIC RELATED CALLS,TRAFFIC RELATED CALLS,10600.3004,-122.387215,47.544872,2016,6,1
16000230581,"DISTURBANCE, OTHER",DISTURBANCES,DISTURBANCES,10001.3,-122.30446,47.559875,2016,6,1
16000209980,"DISTURBANCE, OTHER",DISTURBANCES,DISTURBANCES,10300.5004,-122.28492,47.5601,2016,6,1
16000209969,"DISTURBANCE, OTHER",DISTURBANCES,DISTURBANCES,7200.1067,-122.34068,47.613445,2016,6,1
16000230626,PROWLER,PROWLER,PROWLER,10200.4028,-122.271774,47.553368,2016,6,1
16000209938,"MISCHIEF, NUISANCE COMPLAINTS","NUISANCE, MISCHIEF COMPLAINTS","NUISANCE, MISCHIEF",5200.4014,-122.32727,47.66022,2016,6,1
16000210457,"RECKLESS ENDANGERMENT, LITTERING, PARKS CODE VIOLATIONS",MISCELLANEOUS MISDEMEANORS,MISCELLANEOUS MISDEMEANORS,401.1005,-122.34773,47.728226,2016,6,1
16000210260,"HARASSMENT, THREATS","THREATS, HARASSMENT","THREATS, HARASSMENT",5200.4006,-122.32721,47.664085,2016,6,1
16000209753,SUSPICIOUS PERSON,SUSPICIOUS CIRCUMSTANCES,SUSPICIOUS CIRCUMSTANCES,4500.2025,-122.32287,47.665695,2016,6,1
16000230455,SHOPLIFT,THEFT,SHOPLIFTING,1200.401,-122.324615,47.708603,2016,6,1
16000230755,LIQUOR VIOLATION - INTOXICATED PERSON,LIQUOR VIOLATIONS,LIQUOR VIOLATIONS,8300.2015,-122.32736,47.613438,2016,6,1
16000230736,ALACAD - RESIDENTIAL BURGLARY (FALSE),BURGLARY ALACAD (FALSE),FALSE ALACAD,10100.5027,-122.28073,47.569736,2016,6,1
16000210016,SHOPLIFT,THEFT,SHOPLIFTING,8200.1003,-122.33593,47.611904,2016,6,1
16000230282,MOTOR VEHICLE COLLISION,TRAFFIC RELATED CALLS,MOTOR VEHICLE COLLISION INVESTIGATION,4900.401,-122.34995,47.656662,2016,6,1
16000230192,FELONY WARRANT SERVICE,WARRANT CALLS,ARREST,1300.3009,-122.344635,47.700073,2016,6,1
16000229966,TRAFFIC (MOVING) VIOLATION,TRAFFIC RELATED CALLS,TRAFFIC RELATED CALLS,10600.3004,-122.387215,47.544872,2016,6,1
16000209958,"MISCHIEF, NUISANCE COMPLAINTS","NUISANCE, MISCHIEF COMPLAINTS","NUISANCE, MISCHIEF",3500.2011,-122.35642,47.676,2016,6,1
16000210223,TRAFFIC (MOVING) VIOLATION,TRAFFIC RELATED CALLS,TRAFFIC RELATED CALLS,8002.201,-122.3478,47.612377,2016,6,1
16000209891,STRONG ARM ROBBERY,ROBBERY,ROBBERY,5802.2003,-122.37614,47.636337,2016,6,1
16000209716,BURGLARY - COMMERCIAL,COMMERCIAL BURGLARIES,BURGLARY,5301.3006,-122.316635,47.659096,2016,6,1
16000230364,MOTOR VEHICLE COLLISION,TRAFFIC RELATED CALLS,MOTOR VEHICLE COLLISION INVESTIGATION,9300.206,-122.33327,47.5861,2016,6,1
16000230348,SUSPICIOUS PERSON,SUSPICIOUS CIRCUMSTANCES,SUSPICIOUS CIRCUMSTANCES,9300.3169,-122.32235,47.555935,2016,6,1
16000230345,"DISTURBANCE, OTHER",DISTURBANCES,DISTURBANCES,100.5004,-122.29634,47.72109,2016,6,1
16000209830,PARKING VIOLATION (EXCEPT ABANDONED VEHICLES),PARKING VIOLATIONS,TRAFFIC RELATED CALLS,6700.1001,-122.34052,47.633595,2016,6,1
16000230310,TRAFFIC (MOVING) VIOLATION,TRAFFIC RELATED CALLS,TRAFFIC RELATED CALLS,10100.2012,-122.28603,47.56283,2016,6,1
16000230304,ALACAD - COMMERCIAL BURGLARY (FALSE),BURGLARY ALACAD (FALSE),FALSE ALACAD,7700.2012,-122.29685,47.62303,2016,6,1
16000230303,"MISCHIEF, NUISANCE COMPLAINTS","NUISANCE, MISCHIEF COMPLAINTS","NUISANCE, MISCHIEF",6200.2011,-122.30382,47.643696,2016,6,1
16000229886,TRAFFIC (MOVING) VIOLATION,TRAFFIC RELATED CALLS,TRAFFIC RELATED CALLS,11900.4007,-122.26096,47.501328,2016,6,1
16000229854,SUSPICIOUS PERSON,SUSPICIOUS CIRCUMSTANCES,SUSPICIOUS CIRCUMSTANCES,7500.3007,-122.31886,47.62255,2016,6,1
16000230372,"DISTURBANCE, OTHER",DISTURBANCES,DISTURBANCES,10800.3009,-122.36167,47.55672,2016,6,1
16000209889,CRISIS COMPLAINT - GENERAL,CRISIS CALL,BEHAVIORAL HEALTH,7200.1069,-122.343285,47.614986,2016,6,1
16000210063,SUSPICIOUS PERSON,SUSPICIOUS CIRCUMSTANCES,SUSPICIOUS CIRCUMSTANCES,8100.1036,-122.334175,47.60215,2016,6,1
16000230713,TRESPASS,TRESPASS,TRESPASS,8600.1003,-122.31678,47.610977,2016,6,1
16000209845,"DISTURBANCE, OTHER",DISTURBANCES,DISTURBANCES,9100.2001,-122.32506,47.59877,2016,6,1
16000209997,"DISTURBANCE, OTHER",DISTURBANCES,DISTURBANCES,11402.2011,-122.35513,47.520115,2016,6,1
16000209647,STRONG ARM ROBBERY,ROBBERY,ROBBERY,8700.1021,-122.31155,47.60711,2016,6,1
16000230374,PARKING VIOLATION (EXCEPT ABANDONED VEHICLES),PARKING VIOLATIONS,TRAFFIC RELATED CALLS,7200.3,-122.34667,47.617577,2016,6,1
16000230415,"DISTURBANCE, OTHER",DISTURBANCES,DISTURBANCES,7200.1057,-122.339615,47.615158,2016,6,1
16000210076,SHOPLIFT,THEFT,SHOPLIFTING,1200.4011,-122.324615,47.708603,2016,6,1
16000230341,PROSTITUTION,VICE CALLS,PROSTITUTION,10900.2008,-122.329544,47.554897,2016,6,1
16000209843,TRAFFIC (MOVING) VIOLATION,TRAFFIC RELATED CALLS,TRAFFIC RELATED CALLS,7300.2012,-122.33143,47.617943,2016,6,1
16000230390,"DISTURBANCE, OTHER",DISTURBANCES,DISTURBANCES,3000.4,-122.376785,47.68506,2016,6,1
16000230572,"DISTURBANCE, OTHER",DISTURBANCES,DISTURBANCES,9800.2002,-122.38028,47.576515,2016,6,1
16000230596,"DISTURBANCE, OTHER",DISTURBANCES,DISTURBANCES,5301.2002,-122.314224,47.664005,2016,6,1
16000209810,LIQUOR VIOLATION - ADULT,LIQUOR VIOLATIONS,LIQUOR VIOLATIONS,11800.6017,-122.26278,47.520115,2016,6,1
16000230338,PEDESTRIAN VIOLATION,TRAFFIC RELATED CALLS,TRAFFIC RELATED CALLS,3000.1001,-122.366,47.690655,2016,6,1
16000230337,MOTOR VEHICLE COLLISION,TRAFFIC RELATED CALLS,MOTOR VEHICLE COLLISION INVESTIGATION,9800.2011,-122.380295,47.57559,2016,6,1
16000230328,"DISTURBANCE, OTHER",DISTURBANCES,DISTURBANCES,5700.104,-122.40461,47.658325,2016,6,1
16000230326,"DISTURBANCE, OTHER",DISTURBANCES,DISTURBANCES,7200.1047,-122.339836,47.618538,2016,6,1
16000230292,"DISTURBANCE, OTHER",DISTURBANCES,DISTURBANCES,11200.3007,-122.31759,47.526024,2016,6,1
16000230229,MOTOR VEHICLE COLLISION,TRAFFIC RELATED CALLS,MOTOR VEHICLE COLLISION INVESTIGATION,4700.3012,-122.38055,47.670177,2016,6,1
16000230187,"DISTURBANCE, OTHER",DISTURBANCES,DISTURBANCES,7200.1068,-122.34198,47.614216,2016,6,1
16000229926,ALACAD - COMMERCIAL BURGLARY (FALSE),BURGLARY ALACAD (FALSE),FALSE ALACAD,10900.2062,-122.318665,47.551014,2016,6,1
16000230536,TRESPASS,TRESPASS,TRESPASS,9000.1014,-122.30387,47.59306,2016,6,1
16000210010,"NARCOTICS, OTHER",NARCOTICS COMPLAINTS,NARCOTICS COMPLAINTS,8002.1002,-122.3411,47.611347,2016,6,1
16000210104,SHOPLIFT,THEFT,SHOPLIFTING,8100.2002,-122.33815,47.610973,2016,6,1
16000209876,"MISCHIEF, NUISANCE COMPLAINTS","NUISANCE, MISCHIEF COMPLAINTS","NUISANCE, MISCHIEF",4700.2009,-122.37218,47.666428,2016,6,1
16000230508,"DISTURBANCE, OTHER",DISTURBANCES,DISTURBANCES,8002.1002,-122.3411,47.611347,2016,6,1
16000209945,ABANDONED VEHICLE,PARKING VIOLATIONS,TRAFFIC RELATED CALLS,11300.3011,-122.349266,47.52191,2016,6,1
16000210020,LIQUOR VIOLATION - ADULT,LIQUOR VIOLATIONS,LIQUOR VIOLATIONS,7100.2001,-122.35411,47.62327,2016,6,1
16000230376,"DISTURBANCE, OTHER",DISTURBANCES,DISTURBANCES,7000.302,-122.35344,47.625446,2016,6,1
16000210554,ALACAD - RESIDENTIAL BURGLARY (FALSE),BURGLARY ALACAD (FALSE),FALSE ALACAD,7800.1032,-122.28615,47.607334,2016,6,1
16000230418,PROSTITUTION,VICE CALLS,PROSTITUTION,10900.2008,-122.329544,47.554897,2016,6,1
16000209916,ABANDONED VEHICLE,PARKING VIOLATIONS,TRAFFIC RELATED CALLS,6800.1022,-122.35319,47.63529,2016,6,1
16000230392,THEFT - MISCELLANEOUS,THEFT,OTHER PROPERTY,8200.1004,-122.334915,47.61164,2016,6,1
16000209765,BURGLARY - COMMERCIAL,COMMERCIAL BURGLARIES,BURGLARY,2700.1018,-122.31888,47.6853,2016,6,1
16000230725,BLOCKING VEHICLE,TRAFFIC RELATED CALLS,TRAFFIC RELATED CALLS,9200.2034,-122.330345,47.59999,2016,6,1
16000230678,SUSPICIOUS PERSON,SUSPICIOUS CIRCUMSTANCES,SUSPICIOUS CIRCUMSTANCES,8400.1009,-122.322754,47.614056,2016,6,1
16000230571,LIQUOR VIOLATION - INTOXICATED PERSON,LIQUOR VIOLATIONS,LIQUOR VIOLATIONS,9200.2028,-122.33081,47.600464,2016,6,1
16000230355,FRAUD (INCLUDING IDENTITY THEFT),FRAUD CALLS,FRAUD CALLS,10600.5014,-122.39511,47.549446,2016,6,1
16000229868,MOTOR VEHICLE COLLISION,TRAFFIC RELATED CALLS,MOTOR VEHICLE COLLISION INVESTIGATION,4900.2021,-122.352905,47.650112,2016,6,1
16000225282,"HARASSMENT, THREATS","THREATS, HARASSMENT","THREATS, HARASSMENT",6800.1,-122.35132,47.63911,2016,6,1
16000209985,"DISTURBANCE, OTHER",DISTURBANCES,DISTURBANCES,9200.2014,-122.33178,47.601494,2016,6,1
16000209827,PROPERTY - FOUND (FOLLOW UP TO SPD CASE),"PROPERTY - MISSING, FOUND","PROPERTY - MISSING, FOUND",3600.1023,-122.3187,47.674576,2016,6,1
16000230565,AUTO RECOVERY,AUTO RECOVERIES,AUTO THEFTS,5200.2013,-122.32189,47.655056,2016,6,1
16000230645,DRIVING WHILE UNDER INFLUENCE (DUI),TRAFFIC RELATED CALLS,TRAFFIC RELATED CALLS,1100.1021,-122.30161,47.704197,2016,6,1
16000230644,SUSPICIOUS PERSON,SUSPICIOUS CIRCUMSTANCES,SUSPICIOUS CIRCUMSTANCES,4400.4001,-122.314186,47.666443,2016,6,1
16000230643,LIQUOR VIOLATION - INTOXICATED PERSON,LIQUOR VIOLATIONS,LIQUOR VIOLATIONS,7500.4006,-122.31685,47.614685,2016,6,1
16000230640,ALACAD - COMMERCIAL PANIC (FALSE),PANIC ALACAD (FALSE),FALSE ALACAD,1600.3012,-122.37681,47.69152,2016,6,1
16000209940,"MISCHIEF, NUISANCE COMPLAINTS","NUISANCE, MISCHIEF COMPLAINTS","NUISANCE, MISCHIEF",7200.1057,-122.341125,47.61488,2016,6,1
16000210272,"MISCHIEF, NUISANCE COMPLAINTS","NUISANCE, MISCHIEF COMPLAINTS","NUISANCE, MISCHIEF",8100.2004,-122.33835,47.609516,2016,6,1
16000230741,TRESPASS,TRESPASS,TRESPASS,8400.1008,-122.32077,47.613518,2016,6,1
16000230501,LIQUOR VIOLATION - INTOXICATED PERSON,LIQUOR VIOLATIONS,LIQUOR VIOLATIONS,10002.1001,-122.313385,47.57947,2016,6,1
16000230495,PARKING VIOLATION (EXCEPT ABANDONED VEHICLES),PARKING VIOLATIONS,TRAFFIC RELATED CALLS,3200.4019,-122.40115,47.667747,2016,6,1
16000210073,"NARCOTICS, OTHER",NARCOTICS COMPLAINTS,NARCOTICS COMPLAINTS,7100.201,-122.35672,47.623276,2016,6,1
16000210060,ALACAD - RESIDENTIAL BURGLARY (FALSE),BURGLARY ALACAD (FALSE),FALSE ALACAD,11101.2012,-122.276695,47.53798,2016,6,1
16000210113,SHOPLIFT,THEFT,SHOPLIFTING,1200.4011,-122.324615,47.708603,2016,6,1
16000210155,SHOPLIFT,THEFT,SHOPLIFTING,8001.1008,-122.348434,47.616856,2016,6,1
16000209789,PARKING VIOLATION (EXCEPT ABANDONED VEHICLES),PARKING VIOLATIONS,TRAFFIC RELATED CALLS,8001.3016,-122.35757,47.61795,2016,6,1
16000209784,PARKING VIOLATION (EXCEPT ABANDONED VEHICLES),PARKING VIOLATIONS,TRAFFIC RELATED CALLS,3200.201,-122.39151,47.67092,2016,6,1
16000230467,SUSPICIOUS PERSON,SUSPICIOUS CIRCUMSTANCES,SUSPICIOUS CIRCUMSTANCES,7900.2002,-122.308846,47.615704,2016,6,1
16000230466,TRAFFIC (MOVING) VIOLATION,TRAFFIC RELATED CALLS,TRAFFIC RELATED CALLS,7000.3022,-122.35671,47.62458,2016,6,1
16000230464,LIQUOR VIOLATION - INTOXICATED PERSON,LIQUOR VIOLATIONS,LIQUOR VIOLATIONS,9200.1012,-122.32767,47.599194,2016,6,1
16000230375,NOISE DISTURBANCE,DISTURBANCES,DISTURBANCES,6700.4022,-122.34592,47.636127,2016,6,1
16000230286,MOTOR VEHICLE COLLISION,TRAFFIC RELATED CALLS,MOTOR VEHICLE COLLISION INVESTIGATION,6200.2001,-122.30437,47.644363,2016,6,1
16000230142,MOTOR VEHICLE COLLISION,TRAFFIC RELATED CALLS,MOTOR VEHICLE COLLISION INVESTIGATION,5302.3007,-122.29834,47.661087,2016,6,1
16000210110,LIQUOR VIOLATION - ADULT,LIQUOR VIOLATIONS,LIQUOR VIOLATIONS,7200.2007,-122.343765,47.618553,2016,6,1
16000230684,NOISE DISTURBANCE,DISTURBANCES,DISTURBANCES,9600.5002,-122.37982,47.588295,2016,6,1
16000230696,SUSPICIOUS PERSON,SUSPICIOUS CIRCUMSTANCES,SUSPICIOUS CIRCUMSTANCES,100.4,-122.29382,47.73286,2016,6,1
16000230437,PROSTITUTION,VICE CALLS,PROSTITUTION,10900.2008,-122.329544,47.554897,2016,6,1
16000209920,PARKS EXCLUSION,PARKS EXCLUSIONS,MISCELLANEOUS MISDEMEANORS,8100.3011,-122.34288,47.609814,2016,6,1
16000209915,"DISTURBANCE, OTHER",DISTURBANCES,DISTURBANCES,5301.3006,-122.3155,47.659084,2016,6,1
16000210018,SHOPLIFT,THEFT,SHOPLIFTING,9100.2004,-122.325714,47.597515,2016,6,1
16000209878,ALACAD - RESIDENTIAL BURGLARY (FALSE),BURGLARY ALACAD (FALSE),FALSE ALACAD,6100.2004,-122.31959,47.645054,2016,6,1
16000209871,"SUSPICIOUS CIRCUMSTANCES - BUILDING (OPEN DOOR, ETC.)",SUSPICIOUS CIRCUMSTANCES,SUSPICIOUS CIRCUMSTANCES,4301.2009,-122.29621,47.67035,2016,6,1
16000230669,"DISTURBANCE, OTHER",DISTURBANCES,DISTURBANCES,8002.1008,-122.34282,47.61002,2016,6,1
16000230706,NOISE DISTURBANCE,DISTURBANCES,DISTURBANCES,11102.1003,-122.26181,47.542805,2016,6,1
16000230683,TRAFFIC (MOVING) VIOLATION,TRAFFIC RELATED CALLS,TRAFFIC RELATED CALLS,7800.1033,-122.28717,47.606655,2016,6,1
16000230441,SUSPICIOUS PERSON,SUSPICIOUS CIRCUMSTANCES,SUSPICIOUS CIRCUMSTANCES,11300.4014,-122.35228,47.52469,2016,6,1
16000230440,TRAFFIC (MOVING) VIOLATION,TRAFFIC RELATED CALLS,TRAFFIC RELATED CALLS,7200.2016,-122.34253,47.61806,2016,6,1
16000230426,"NARCOTICS, OTHER",NARCOTICS COMPLAINTS,NARCOTICS COMPLAINTS,7200.1056,-122.34198,47.614216,2016,6,1
16000230412,PROPERTY - FOUND (FOLLOW UP TO SPD CASE),"PROPERTY - MISSING, FOUND","PROPERTY - MISSING, FOUND",7401.1006,-122.32305,47.623703,2016,6,1
16000230546,HAZARDS,HAZARDS,HAZARDS,5400.4019,-122.34597,47.654125,2016,6,1
16000230448,FRAUD (INCLUDING IDENTITY THEFT),FRAUD CALLS,FRAUD CALLS,11401.1002,-122.3645,47.5337,2016,6,1
16000230576,"DISTURBANCE, OTHER",DISTURBANCES,DISTURBANCES,9300.2028,-122.32905,47.59031,2016,6,1
16000230634,HAZARDS,HAZARDS,HAZARDS,9701.4019,-122.409515,47.56752,2016,6,1
16000230690,ALACAD - VEHICLE (FALSE),VEHICLE ALACAD (FALSE),FALSE ALACAD,600.102,-122.34498,47.72321,2016,6,1
16000209883,PROPERTY - FOUND (FOLLOW UP TO SPD CASE),"PROPERTY - MISSING, FOUND","PROPERTY - MISSING, FOUND",7500.4006,-122.31685,47.614685,2016,6,1
16000209868,SUSPICIOUS PERSON,SUSPICIOUS CIRCUMSTANCES,SUSPICIOUS CIRCUMSTANCES,8400.2005,-122.32455,47.612053,2016,6,1
16000209840,PARKING VIOLATION (EXCEPT ABANDONED VEHICLES),PARKING VIOLATIONS,TRAFFIC RELATED CALLS,9200.2033,-122.328964,47.600037,2016,6,1
16000209837,FRAUD (INCLUDING IDENTITY THEFT),FRAUD CALLS,FRAUD CALLS,3200.4018,-122.39507,47.668644,2016,6,1
16000209746,SUSPICIOUS VEHICLE,SUSPICIOUS CIRCUMSTANCES,SUSPICIOUS CIRCUMSTANCES,9500.3024,-122.28768,47.576405,2016,6,1
16000209729,SUSPICIOUS PERSON,SUSPICIOUS CIRCUMSTANCES,SUSPICIOUS CIRCUMSTANCES,9500.3006,-122.2837,47.578857,2016,6,1
16000208718,"BURGLARY - RESIDENTIAL, UNOCCUPIED",RESIDENTIAL BURGLARIES,BURGLARY,2200.2,-122.285286,47.697876,2016,6,1
16000230658,"ANIMAL NOISE, STRAYS, BITES",ANIMAL COMPLAINTS,ANIMAL COMPLAINTS,8800.3011,-122.301094,47.601665,2016,6,1
16000230657,TRAFFIC (MOVING) VIOLATION,TRAFFIC RELATED CALLS,TRAFFIC RELATED CALLS,10600.5012,-122.39646,47.5407,2016,6,1
16000230481,"MISCHIEF, NUISANCE COMPLAINTS","NUISANCE, MISCHIEF COMPLAINTS","NUISANCE, MISCHIEF",7401.2002,-122.322,47.623703,2016,6,1
16000230465,ALACAD - COMMERCIAL BURGLARY (FALSE),BURGLARY ALACAD (FALSE),FALSE ALACAD,6800.2023,-122.36076,47.632324,2016,6,1
16000230451,TRAFFIC (MOVING) VIOLATION,TRAFFIC RELATED CALLS,TRAFFIC RELATED CALLS,10300.5003,-122.285446,47.558655,2016,6,1
16000230450,PARKING VIOLATION (EXCEPT ABANDONED VEHICLES),PARKING VIOLATIONS,TRAFFIC RELATED CALLS,9701.1004,-122.40803,47.579487,2016,6,1
16000230449,TRAFFIC (MOVING) VIOLATION,TRAFFIC RELATED CALLS,TRAFFIC RELATED CALLS,11200.2057,-122.33445,47.538315,2016,6,1
16000230446,MOTOR VEHICLE COLLISION,TRAFFIC RELATED CALLS,MOTOR VEHICLE COLLISION INVESTIGATION,10500.1,-122.37679,47.56287,2016,6,1
16000230427,PARKING VIOLATION (EXCEPT ABANDONED VEHICLES),PARKING VIOLATIONS,TRAFFIC RELATED CALLS,6100.3022,-122.32462,47.64384,2016,6,1
16000230422,ALACAD - RESIDENTIAL BURGLARY (FALSE),BURGLARY ALACAD (FALSE),FALSE ALACAD,2700.4027,-122.340614,47.682716,2016,6,1
16000230413,ALACAD - COMMERCIAL BURGLARY (FALSE),BURGLARY ALACAD (FALSE),FALSE ALACAD,2200.4021,-122.27404,47.68369,2016,6,1
16000230400,"DISTURBANCE, OTHER",DISTURBANCES,DISTURBANCES,8400.3004,-122.3279,47.61524,2016,6,1
16000230329,SUSPICIOUS VEHICLE,SUSPICIOUS CIRCUMSTANCES,SUSPICIOUS CIRCUMSTANCES,3100.1004,-122.3876,47.688683,2016,6,1
16000230317,PARKING VIOLATION (EXCEPT ABANDONED VEHICLES),PARKING VIOLATIONS,TRAFFIC RELATED CALLS,4700.3009,-122.37359,47.67017,2016,6,1
16000230171,ALACAD - COMMERCIAL BURGLARY (FALSE),BURGLARY ALACAD (FALSE),FALSE ALACAD,3000.3004,-122.37679,47.685966,2016,6,1
16000230108,"CASUALTY (NON CRIMINAL/TRAFFIC) - MAN DOWN, SICK PERSONS, INJURED, DOA)",CASUALTIES,PERSON DOWN/INJURY,8900.1003,-122.28571,47.60063,2016,6,1
16000230494,HAZARDS,HAZARDS,HAZARDS,7300.1004,-122.33429,47.62454,2016,6,1
16000210106,ABANDONED VEHICLE,PARKING VIOLATIONS,TRAFFIC RELATED CALLS,5000.201,-122.34464,47.657192,2016,6,1
16000230548,SUSPICIOUS VEHICLE,SUSPICIOUS CIRCUMSTANCES,SUSPICIOUS CIRCUMSTANCES,7700.3003,-122.30073,47.616478,2016,6,1
16000230487,"DISTURBANCE, OTHER",DISTURBANCES,DISTURBANCES,9300.3204,-122.33421,47.556538,2016,6,1
16000210024,LIQUOR VIOLATION - ADULT,LIQUOR VIOLATIONS,LIQUOR VIOLATIONS,600.3016,-122.34482,47.71232,2016,6,1
16000230555,GANG GRAFFITI,PROPERTY DAMAGE,PROPERTY DAMAGE,6700.202,-122.34234,47.626263,2016,6,1
16000210448,"NARCOTICS, OTHER",NARCOTICS COMPLAINTS,NARCOTICS COMPLAINTS,6000.1016,-122.34705,47.642624,2016,6,1
16000210417,MISSING PERSON,"PERSONS - LOST, FOUND, MISSING","PERSONS - LOST, FOUND, MISSING",8500.3001,-122.32344,47.60413,2016,6,1
16000210406,BLOCKING VEHICLE,TRAFFIC RELATED CALLS,TRAFFIC RELATED CALLS,6900.2005,-122.36752,47.634605,2016,6,1
16000230503,SUSPICIOUS PERSON,SUSPICIOUS CIRCUMSTANCES,SUSPICIOUS CIRCUMSTANCES,4400.1007,-122.307076,47.673676,2016,6,1
16000230478,"DISTURBANCE, OTHER",DISTURBANCES,DISTURBANCES,10500.4004,-122.38548,47.56021,2016,6,1
16000230468,PROPERTY DESTRUCTION,PROPERTY DAMAGE,PROPERTY DAMAGE,10600.3004,-122.3872,47.54636,2016,6,1
16000230836,TRESPASS,TRESPASS,TRESPASS,7500.2001,-122.31274,47.61909,2016,6,1
16000230679,"DISTURBANCE, OTHER",DISTURBANCES,DISTURBANCES,7402.101,-122.32086,47.619324,2016,6,1
16000230699,LIQUOR VIOLATION - INTOXICATED PERSON,LIQUOR VIOLATIONS,LIQUOR VIOLATIONS,9200.2028,-122.33081,47.600464,2016,6,1
16000210245,SHOPLIFT,THEFT,SHOPLIFTING,8100.2015,-122.33734,47.609253,2016,6,1
16000230675,PARKS EXCLUSION,PARKS EXCLUSIONS,MISCELLANEOUS MISDEMEANORS,7500.5009,-122.31817,47.615837,2016,6,1
16000209921,THEFT - MISCELLANEOUS,THEFT,OTHER PROPERTY,8100.2013,-122.33689,47.608753,2016,6,1
16000209918,LIQUOR VIOLATION - ADULT,LIQUOR VIOLATIONS,LIQUOR VIOLATIONS,8100.3011,-122.34288,47.609814,2016,6,1
16000209917,PARKING VIOLATION (EXCEPT ABANDONED VEHICLES),PARKING VIOLATIONS,TRAFFIC RELATED CALLS,7300.3011,-122.33586,47.62086,2016,6,1
16000230223,"DISTURBANCE, OTHER",DISTURBANCES,DISTURBANCES,11101.1006,-122.270836,47.539356,2016,6,1
16000230716,TRAFFIC (MOVING) VIOLATION,TRAFFIC RELATED CALLS,TRAFFIC RELATED CALLS,9000.2004,-122.31157,47.60168,2016,6,1
16000230663,ALACAD - COMMERCIAL BURGLARY (FALSE),BURGLARY ALACAD (FALSE),FALSE ALACAD,4302.2007,-122.30071,47.665333,2016,6,1
16000230661,SUSPICIOUS PERSON,SUSPICIOUS CIRCUMSTANCES,SUSPICIOUS CIRCUMSTANCES,5900.1019,-122.37117,47.65338,2016,6,1
16000230761,LIQUOR VIOLATION - INTOXICATED PERSON,LIQUOR VIOLATIONS,LIQUOR VIOLATIONS,9200.2028,-122.33081,47.600464,2016,6,1
16000192299,"DISTURBANCE, OTHER",DISTURBANCES,DISTURBANCES,8100.2022,-122.33245,47.607265,2016,6,1
16000210186,MOTOR VEHICLE COLLISION,TRAFFIC RELATED CALLS,MOTOR VEHICLE COLLISION INVESTIGATION,7100.2001,-122.349556,47.620914,2016,6,1
16000210544,"MISCHIEF, NUISANCE COMPLAINTS","NUISANCE, MISCHIEF COMPLAINTS","NUISANCE, MISCHIEF",7200.1065,-122.339386,47.61268,2016,6,1
16000210540,PARKING VIOLATION (EXCEPT ABANDONED VEHICLES),PARKING VIOLATIONS,TRAFFIC RELATED CALLS,100.4002,-122.29514,47.73014,2016,6,1
16000209867,SUSPICIOUS PERSON,SUSPICIOUS CIRCUMSTANCES,SUSPICIOUS CIRCUMSTANCES,8400.101,-122.32342,47.61353,2016,6,1
16000209897,CRISIS COMPLAINT - GENERAL,CRISIS CALL,BEHAVIORAL HEALTH,7500.2009,-122.31423,47.6147,2016,6,1
16000209942,SHOPLIFT,THEFT,SHOPLIFTING,8100.2007,-122.33835,47.609516,2016,6,1
16000230705,NOISE DISTURBANCE,DISTURBANCES,DISTURBANCES,9701.3008,-122.40208,47.582703,2016,6,1
16000230667,PROWLER,PROWLER,PROWLER,600.3012,-122.33798,47.720795,2016,6,1
16000230551,"DISTURBANCE, OTHER",DISTURBANCES,DISTURBANCES,1600.3006,-122.37546,47.691525,2016,6,1
16000210340,PERSON WITH A GUN,GUN CALLS,WEAPONS CALLS,1701.3003,-122.35544,47.703632,2016,6,1
16000230578,NOISE DISTURBANCE,DISTURBANCES,DISTURBANCES,11600.1007,-122.38851,47.537365,2016,6,1
16000230674,LIQUOR VIOLATION - INTOXICATED PERSON,LIQUOR VIOLATIONS,LIQUOR VIOLATIONS,9400.4013,-122.313805,47.581013,2016,6,1
16000230486,PARKING VIOLATION (EXCEPT ABANDONED VEHICLES),PARKING VIOLATIONS,TRAFFIC RELATED CALLS,9400.5019,-122.310555,47.58703,2016,6,1
16000230594,"DISTURBANCE, OTHER",DISTURBANCES,DISTURBANCES,1800.3,-122.344604,47.697083,2016,6,1
16000230734,"DISTURBANCE, OTHER",DISTURBANCES,DISTURBANCES,1800.2003,-122.34456,47.693825,2016,6,1
16000230582,LIQUOR VIOLATION - INTOXICATED PERSON,LIQUOR VIOLATIONS,LIQUOR VIOLATIONS,8100.3003,-122.33845,47.608788,2016,6,1
16000230542,"MISCHIEF, NUISANCE COMPLAINTS","NUISANCE, MISCHIEF COMPLAINTS","NUISANCE, MISCHIEF",9000.1014,-122.30387,47.59306,2016,6,1
16000230539,PARKING VIOLATION (EXCEPT ABANDONED VEHICLES),PARKING VIOLATIONS,TRAFFIC RELATED CALLS,7500.4006,-122.31685,47.614685,2016,6,1
16000230533,LIQUOR VIOLATION - INTOXICATED PERSON,LIQUOR VIOLATIONS,LIQUOR VIOLATIONS,8100.3011,-122.34288,47.609814,2016,6,1
16000230530,LIQUOR VIOLATION - INTOXICATED PERSON,LIQUOR VIOLATIONS,LIQUOR VIOLATIONS,9200.2007,-122.33418,47.601723,2016,6,1
16000230524,"NOISE DISTURBANCE, RESIDENTIAL",NOISE DISTURBANCE,DISTURBANCES,3400.1005,-122.36294,47.675083,2016,6,1
16000230523,"DISTURBANCE, OTHER",DISTURBANCES,DISTURBANCES,7000.3014,-122.35409,47.626247,2016,6,1
16000230521,NOISE DISTURBANCE,DISTURBANCES,DISTURBANCES,7700.4014,-122.30118,47.618286,2016,6,1
16000230498,NOISE DISTURBANCE,DISTURBANCES,DISTURBANCES,11200.3008,-122.317604,47.525597,2016,6,1
16000230438,SUSPICIOUS PERSON,SUSPICIOUS CIRCUMSTANCES,SUSPICIOUS CIRCUMSTANCES,11101.4013,-122.282074,47.544582,2016,6,1
16000230433,THEFT - CAR PROWL,CAR PROWL,CAR PROWL,8100.1034,-122.33461,47.602913,2016,6,1
16000230406,HAZARDS,HAZARDS,HAZARDS,7300.1018,-122.33428,47.62316,2016,6,1
16000230389,SUSPICIOUS PERSON,SUSPICIOUS CIRCUMSTANCES,SUSPICIOUS CIRCUMSTANCES,11500.1017,-122.374596,47.53191,2016,6,1
16000230379,LICENSE PLATE THEFT OR LOSS,CAR PROWL,CAR PROWL,10702.1011,-122.37367,47.549217,2016,6,1
16000230315,BICYCLE THEFT,THEFT,BIKE,3600.2013,-122.32402,47.68198,2016,6,1
16000230283,MOTOR VEHICLE COLLISION,TRAFFIC RELATED CALLS,MOTOR VEHICLE COLLISION INVESTIGATION,5400.3026,-122.342735,47.649418,2016,6,1
16000230057,MOTOR VEHICLE COLLISION,TRAFFIC RELATED CALLS,MOTOR VEHICLE COLLISION INVESTIGATION,7200.1001,-122.34104,47.624546,2016,6,1
16000209953,"NARCOTICS, OTHER",NARCOTICS COMPLAINTS,NARCOTICS COMPLAINTS,8100.2035,-122.33116,47.601887,2016,6,1
16000209881,PARKING VIOLATION (EXCEPT ABANDONED VEHICLES),PARKING VIOLATIONS,TRAFFIC RELATED CALLS,7300.3011,-122.33716,47.62087,2016,6,1
16000209768,MOTOR VEHICLE COLLISION,TRAFFIC RELATED CALLS,MOTOR VEHICLE COLLISION INVESTIGATION,7100.2001,-122.3541,47.624573,2016,6,1
16000230737,"MISCHIEF, NUISANCE COMPLAINTS","NUISANCE, MISCHIEF COMPLAINTS","NUISANCE, MISCHIEF",10001.2014,-122.31471,47.566277,2016,6,1
16000230398,"DISTURBANCE, OTHER",DISTURBANCES,DISTURBANCES,9100.1021,-122.3231,47.598347,2016,6,1
16000230587,"DISTURBANCE, OTHER",DISTURBANCES,DISTURBANCES,200.2015,-122.299095,47.720207,2016,6,1
16000210044,"HARASSMENT, THREATS","THREATS, HARASSMENT","THREATS, HARASSMENT",11402.1019,-122.36993,47.52376,2016,6,1
16000230659,NOISE DISTURBANCE,DISTURBANCES,DISTURBANCES,5301.2002,-122.31421,47.664906,2016,6,1
16000210388,SHOPLIFT,THEFT,SHOPLIFTING,600.3007,-122.34483,47.713547,2016,6,1
16000210329,TRESPASS,TRESPASS,TRESPASS,4900.2023,-122.34979,47.65001,2016,6,1
16000230788,TRESPASS,TRESPASS,TRESPASS,8500.1015,-122.32763,47.60534,2016,6,1
16000230739,SUSPICIOUS VEHICLE,SUSPICIOUS CIRCUMSTANCES,SUSPICIOUS CIRCUMSTANCES,8500.2004,-122.32318,47.607197,2016,6,1
16000230720,SUSPICIOUS PERSON,SUSPICIOUS CIRCUMSTANCES,SUSPICIOUS CIRCUMSTANCES,11402.2001,-122.3578,47.52195,2016,6,1
16000230568,SUSPICIOUS PERSON,SUSPICIOUS CIRCUMSTANCES,SUSPICIOUS CIRCUMSTANCES,9300.1009,-122.327034,47.595837,2016,6,1
16000230497,THEFT - CAR PROWL,CAR PROWL,CAR PROWL,8002.2006,-122.34392,47.611835,2016,6,1
16000230453,SUSPICIOUS PERSON,SUSPICIOUS CIRCUMSTANCES,SUSPICIOUS CIRCUMSTANCES,11401.1006,-122.36653,47.528282,2016,6,1
16000230423,MOTOR VEHICLE COLLISION,TRAFFIC RELATED CALLS,MOTOR VEHICLE COLLISION INVESTIGATION,9900.4018,-122.34768,47.57107,2016,6,1
16000230302,DRIVING WHILE UNDER INFLUENCE (DUI),TRAFFIC RELATED CALLS,TRAFFIC RELATED CALLS,4400.3009,-122.30948,47.664875,2016,6,1
16000229742,"ASSAULTS, OTHER",ASSAULTS,ASSAULTS,10002.2011,-122.30875,47.57958,2016,6,1
16000210100,ABANDONED VEHICLE,PARKING VIOLATIONS,TRAFFIC RELATED CALLS,11700.3002,-122.28786,47.530342,2016,6,1
16000210293,HAZARDS,HAZARDS,HAZARDS,7800.2021,-122.29149,47.610428,2016,6,1
16000210207,TRAFFIC (MOVING) VIOLATION,TRAFFIC RELATED CALLS,TRAFFIC RELATED CALLS,8100.1006,-122.33722,47.605766,2016,6,1
16000230570,NOISE DISTURBANCE,DISTURBANCES,DISTURBANCES,4400.1029,-122.30796,47.668938,2016,6,1
16000210453,"ASSAULTS, OTHER",ASSAULTS,ASSAULTS,9200.1012,-122.32636,47.59919,2016,6,1
16000210520,SUSPICIOUS PERSON,SUSPICIOUS CIRCUMSTANCES,SUSPICIOUS CIRCUMSTANCES,11402.3004,-122.36998,47.520134,2016,6,1
16000230560,THEFT - MISCELLANEOUS,THEFT,OTHER PROPERTY,10300.2006,-122.277664,47.551174,2016,6,1
16000230288,ALACAD - RESIDENTIAL BURGLARY (FALSE),BURGLARY ALACAD (FALSE),FALSE ALACAD,11800.2003,-122.25821,47.51595,2016,6,1
16000210118,"NARCOTICS, OTHER",NARCOTICS COMPLAINTS,NARCOTICS COMPLAINTS,9600.2014,-122.38848,47.583,2016,6,1
16000230796,LIQUOR VIOLATION - INTOXICATED PERSON,LIQUOR VIOLATIONS,LIQUOR VIOLATIONS,8100.2043,-122.331085,47.602413,2016,6,1
16000230730,SUSPICIOUS VEHICLE,SUSPICIOUS CIRCUMSTANCES,SUSPICIOUS CIRCUMSTANCES,700.5005,-122.312584,47.716698,2016,6,1
16000230727,SUSPICIOUS VEHICLE,SUSPICIOUS CIRCUMSTANCES,SUSPICIOUS CIRCUMSTANCES,1200.3,-122.31791,47.7122,2016,6,1
16000210217,TRESPASS,TRESPASS,TRESPASS,3200.4019,-122.398315,47.667538,2016,6,1
16000210008,TRAFFIC (MOVING) VIOLATION,TRAFFIC RELATED CALLS,TRAFFIC RELATED CALLS,11002.1006,-122.30183,47.54092,2016,6,1
16000209893,ALACAD - COMMERCIAL PANIC (FALSE),PANIC ALACAD (FALSE),FALSE ALACAD,1200.5008,-122.33266,47.708656,2016,6,1
16000209809,MOTOR VEHICLE COLLISION,TRAFFIC RELATED CALLS,MOTOR VEHICLE COLLISION INVESTIGATION,5000.3028,-122.34226,47.659184,2016,6,1
16000209803,MISSING PERSON,"PERSONS - LOST, FOUND, MISSING","PERSONS - LOST, FOUND, MISSING",8100.2024,-122.331474,47.606197,2016,6,1
16000209791,MOTOR VEHICLE COLLISION,TRAFFIC RELATED CALLS,MOTOR VEHICLE COLLISION INVESTIGATION,8500.1021,-122.32586,47.605087,2016,6,1
16000209754,"MISCHIEF, NUISANCE COMPLAINTS","NUISANCE, MISCHIEF COMPLAINTS","NUISANCE, MISCHIEF",2100.3004,-122.30418,47.69301,2016,6,1
16000209735,BURGLARY - COMMERCIAL,COMMERCIAL BURGLARIES,BURGLARY,8300.1006,-122.324585,47.60957,2016,6,1
16000230668,LIQUOR VIOLATION - INTOXICATED PERSON,LIQUOR VIOLATIONS,LIQUOR VIOLATIONS,7900.4003,-122.31212,47.614773,2016,6,1
16000230574,PARKING VIOLATION (EXCEPT ABANDONED VEHICLES),PARKING VIOLATIONS,TRAFFIC RELATED CALLS,7300.303,-122.33406,47.614056,2016,6,1
16000230511,SUSPICIOUS VEHICLE,SUSPICIOUS CIRCUMSTANCES,SUSPICIOUS CIRCUMSTANCES,600.101,-122.33486,47.72503,2016,6,1
16000230460,SUSPICIOUS PERSON,SUSPICIOUS CIRCUMSTANCES,SUSPICIOUS CIRCUMSTANCES,9702.1021,-122.39208,47.57297,2016,6,1
16000230377,"BURGLARY - RESIDENTIAL, UNOCCUPIED",RESIDENTIAL BURGLARIES,BURGLARY,11600.6022,-122.3916,47.532043,2016,6,1
16000229566,TRAFFIC (MOVING) VIOLATION,TRAFFIC RELATED CALLS,TRAFFIC RELATED CALLS,8200.101,-122.33144,47.61171,2016,6,1
16000209745,"ASSAULTS, OTHER",ASSAULTS,ASSAULTS,9400.2008,-122.31026,47.594215,2016,6,1
16000210032,PARKING VIOLATION (EXCEPT ABANDONED VEHICLES),PARKING VIOLATIONS,TRAFFIC RELATED CALLS,7300.3023,-122.335945,47.615337,2016,6,1
16000230766,"DISTURBANCE, OTHER",DISTURBANCES,DISTURBANCES,8100.2027,-122.33063,47.603592,2016,6,1
16000230962,MISSING PERSON,"PERSONS - LOST, FOUND, MISSING","PERSONS - LOST, FOUND, MISSING",7000.1009,-122.35661,47.630005,2016,6,1
16000230607,"DISTURBANCE, OTHER",DISTURBANCES,DISTURBANCES,10702.3006,-122.37509,47.544674,2016,6,1
16000230510,AUTO THEFT,AUTO THEFTS,AUTO THEFTS,9500.4002,-122.293,47.580963,2016,6,1
16000230680,NOISE DISTURBANCE,DISTURBANCES,DISTURBANCES,5100.102,-122.33313,47.661385,2016,6,1
16000230712,NOISE DISTURBANCE,DISTURBANCES,DISTURBANCES,9600.3006,-122.40027,47.5842,2016,6,1
16000209910,"DISTURBANCE, OTHER",DISTURBANCES,DISTURBANCES,5301.3005,-122.317764,47.658913,2016,6,1
16000209905,"DISTURBANCE, OTHER",DISTURBANCES,DISTURBANCES,10500.4012,-122.3869,47.556976,2016,6,1
16000229932,AUTO THEFT,AUTO THEFTS,AUTO THEFTS,7200.2017,-122.34703,47.616024,2016,6,1
16000230860,SUSPICIOUS PERSON,SUSPICIOUS CIRCUMSTANCES,SUSPICIOUS CIRCUMSTANCES,600.6007,-122.32344,47.714046,2016,6,1
16000230847,"NARCOTICS, OTHER",NARCOTICS COMPLAINTS,NARCOTICS COMPLAINTS,1800.201,-122.34453,47.690926,2016,6,1
16000230846,ALACAD - RESIDENTIAL BURGLARY (FALSE),BURGLARY ALACAD (FALSE),FALSE ALACAD,11500.3013,-122.37797,47.532684,2016,6,1
16000230636,TRAFFIC (MOVING) VIOLATION,TRAFFIC RELATED CALLS,TRAFFIC RELATED CALLS,6200.1053,-122.29408,47.62815,2016,6,1
16000230632,"MISCHIEF, NUISANCE COMPLAINTS","NUISANCE, MISCHIEF COMPLAINTS","NUISANCE, MISCHIEF",3100.5008,-122.39832,47.688656,2016,6,1
16000230624,SUSPICIOUS PERSON,SUSPICIOUS CIRCUMSTANCES,SUSPICIOUS CIRCUMSTANCES,8500.2004,-122.32365,47.606018,2016,6,1
16000230621,LIQUOR VIOLATION - INTOXICATED PERSON,LIQUOR VIOLATIONS,LIQUOR VIOLATIONS,9200.2028,-122.33081,47.600464,2016,6,1
16000230619,"ANIMALS - INJURED, DEAD, DANGEROUS",ANIMAL COMPLAINTS,ANIMAL COMPLAINTS,9701.3008,-122.40396,47.581814,2016,6,1
16000230617,PARKING VIOLATION (EXCEPT ABANDONED VEHICLES),PARKING VIOLATIONS,TRAFFIC RELATED CALLS,1300.1006,-122.341995,47.70414,2016,6,1
16000230496,"DISTURBANCE, OTHER",DISTURBANCES,DISTURBANCES,7700.3002,-122.29876,47.61706,2016,6,1
16000230479,PARKING VIOLATION (EXCEPT ABANDONED VEHICLES),PARKING VIOLATIONS,TRAFFIC RELATED CALLS,2700.402,-122.3418,47.685856,2016,6,1
16000230529,THEFT - MISCELLANEOUS,THEFT,OTHER PROPERTY,5400.4008,-122.34732,47.654762,2016,6,1
16000209975,SHOPLIFT,THEFT,SHOPLIFTING,8200.1003,-122.33593,47.611904,2016,6,1
16000192293,NOISE DISTURBANCE,DISTURBANCES,DISTURBANCES,7402.101,-122.32086,47.619324,2016,6,1
16000230430,PROPERTY - FOUND (FOLLOW UP TO SPD CASE),"PROPERTY - MISSING, FOUND","PROPERTY - MISSING, FOUND",4400.2012,-122.31657,47.672085,2016,6,1
16000210364,HAZARDS,HAZARDS,HAZARDS,4900.5,-122.347336,47.66213,2016,6,1
16000230823,TRESPASS,TRESPASS,TRESPASS,7500.3005,-122.320915,47.62256,2016,6,1
16000230631,TRAFFIC (MOVING) VIOLATION,TRAFFIC RELATED CALLS,TRAFFIC RELATED CALLS,4400.4009,-122.31307,47.664898,2016,6,1
16000230593,"DISTURBANCE, OTHER",DISTURBANCES,DISTURBANCES,8100.2013,-122.33779,47.60975,2016,6,1
16000230553,"SUSPICIOUS CIRCUMSTANCES - BUILDING (OPEN DOOR, ETC.)",SUSPICIOUS CIRCUMSTANCES,SUSPICIOUS CIRCUMSTANCES,8700.3008,-122.30701,47.60351,2016,6,1
16000230473,AUTO THEFT,AUTO THEFTS,AUTO THEFTS,2200.3018,-122.28934,47.691647,2016,6,1
16000209992,ALACAD - RESIDENTIAL BURGLARY (FALSE),BURGLARY ALACAD (FALSE),FALSE ALACAD,7800.3005,-122.28813,47.61585,2016,6,1
16000209990,PARKING VIOLATION (EXCEPT ABANDONED VEHICLES),PARKING VIOLATIONS,TRAFFIC RELATED CALLS,11700.1013,-122.28226,47.526905,2016,6,1
16000230701,ALACAD - COMMERCIAL BURGLARY (FALSE),BURGLARY ALACAD (FALSE),FALSE ALACAD,9300.301,-122.321396,47.583366,2016,6,1
16000230723,"DISTURBANCE, OTHER",DISTURBANCES,DISTURBANCES,8001.302,-122.35317,47.61731,2016,6,1
16000210199,"FORGERY, BAD CHECKS",FRAUD CALLS,FRAUD CALLS,8200.1033,-122.331245,47.606785,2016,6,1
16000210015,SHOPLIFT,THEFT,SHOPLIFTING,8100.2007,-122.33835,47.609516,2016,6,1
16000210203,SUSPICIOUS PERSON,SUSPICIOUS CIRCUMSTANCES,SUSPICIOUS CIRCUMSTANCES,9300.1036,-122.32597,47.592392,2016,6,1
16000210197,CRISIS COMPLAINT - GENERAL,CRISIS CALL,BEHAVIORAL HEALTH,4700.4009,-122.38697,47.668682,2016,6,1
16000210181,SUSPICIOUS PERSON,SUSPICIOUS CIRCUMSTANCES,SUSPICIOUS CIRCUMSTANCES,4500.101,-122.31841,47.667114,2016,6,1
16000209895,"MISCHIEF, NUISANCE COMPLAINTS","NUISANCE, MISCHIEF COMPLAINTS","NUISANCE, MISCHIEF",8100.1036,-122.33461,47.602913,2016,6,1
16000209796,AUTO THEFT,AUTO THEFTS,AUTO THEFTS,11402.2014,-122.36052,47.52011,2016,6,1
16000230793,"DISTURBANCE, OTHER",DISTURBANCES,DISTURBANCES,1800.2003,-122.34456,47.693825,2016,6,1
16000210666,"HARASSMENT, THREATS","THREATS, HARASSMENT","THREATS, HARASSMENT",8500.3001,-122.32344,47.60413,2016,6,1
16000230664,"DISTURBANCE, OTHER",DISTURBANCES,DISTURBANCES,200.5003,-122.31471,47.721237,2016,6,1
16000230731,THEFT - MISCELLANEOUS,THEFT,OTHER PROPERTY,1701.2015,-122.35532,47.692417,2016,6,1
16000230833,SUSPICIOUS PERSON,SUSPICIOUS CIRCUMSTANCES,SUSPICIOUS CIRCUMSTANCES,8001.1005,-122.3489,47.61713,2016,6,1
16000231324,MOTOR VEHICLE COLLISION,TRAFFIC RELATED CALLS,MOTOR VEHICLE COLLISION INVESTIGATION,9500.4021,-122.29248,47.57475,2016,6,1
16000231309,PARKING VIOLATION (EXCEPT ABANDONED VEHICLES),PARKING VIOLATIONS,TRAFFIC RELATED CALLS,8700.1007,-122.31153,47.60979,2016,6,1
16000230633,TRAFFIC (MOVING) VIOLATION,TRAFFIC RELATED CALLS,TRAFFIC RELATED CALLS,100.5,-122.29227,47.726475,2016,6,1
16000230627,"DISTURBANCE, OTHER",DISTURBANCES,DISTURBANCES,10702.2011,-122.37142,47.54561,2016,6,1
16000230613,TRAFFIC (MOVING) VIOLATION,TRAFFIC RELATED CALLS,TRAFFIC RELATED CALLS,10800.1009,-122.342186,47.54035,2016,6,1
16000230611,ALACAD - COMMERCIAL BURGLARY (FALSE),BURGLARY ALACAD (FALSE),FALSE ALACAD,7100.2019,-122.3548,47.6186,2016,6,1
16000230599,SUSPICIOUS PERSON,SUSPICIOUS CIRCUMSTANCES,SUSPICIOUS CIRCUMSTANCES,2800.1009,-122.34721,47.685127,2016,6,1
16000230591,PARKING VIOLATION (EXCEPT ABANDONED VEHICLES),PARKING VIOLATIONS,TRAFFIC RELATED CALLS,6700.2017,-122.344246,47.627148,2016,6,1
16000230580,MOTORIST ASSIST,TRAFFIC RELATED CALLS,TRAFFIC RELATED CALLS,9900.3002,-122.37257,47.56466,2016,6,1
16000230577,"MISCHIEF, NUISANCE COMPLAINTS","NUISANCE, MISCHIEF COMPLAINTS","NUISANCE, MISCHIEF",2700.5003,-122.340454,47.68621,2016,6,1
16000230233,AUTO THEFT,AUTO THEFTS,AUTO THEFTS,11700.1019,-122.27382,47.521122,2016,6,1
16000229988,ALACAD - RESIDENTIAL BURGLARY (FALSE),BURGLARY ALACAD (FALSE),FALSE ALACAD,11102.3004,-122.27131,47.531578,2016,6,1
16000229969,ALACAD - RESIDENTIAL BURGLARY (FALSE),BURGLARY ALACAD (FALSE),FALSE ALACAD,11900.4013,-122.266335,47.498493,2016,6,1
16000210002,TRAFFIC (MOVING) VIOLATION,TRAFFIC RELATED CALLS,TRAFFIC RELATED CALLS,6100.5003,-122.32397,47.648098,2016,6,1
16000209991,LIQUOR VIOLATION - ADULT,LIQUOR VIOLATIONS,LIQUOR VIOLATIONS,9200.2023,-122.33353,47.600883,2016,6,1
16000209987,LIQUOR VIOLATION - INTOXICATED PERSON,LIQUOR VIOLATIONS,LIQUOR VIOLATIONS,9200.2002,-122.33139,47.601074,2016,6,1
16000209906,TRAFFIC (MOVING) VIOLATION,TRAFFIC RELATED CALLS,TRAFFIC RELATED CALLS,10002.1018,-122.31341,47.57163,2016,6,1
16000230650,NARCOTICS ACTIVITY REPORT,NARCOTICS COMPLAINTS,NARCOTICS COMPLAINTS,7300.1013,-122.329155,47.62255,2016,6,1
16000230771,SUSPICIOUS PERSON,SUSPICIOUS CIRCUMSTANCES,SUSPICIOUS CIRCUMSTANCES,8400.3009,-122.326195,47.612988,2016,6,1
16000230767,DRIVING WHILE UNDER INFLUENCE (DUI),TRAFFIC RELATED CALLS,TRAFFIC RELATED CALLS,11600.4016,-122.376884,47.517487,2016,6,1
16000230838,SUSPICIOUS PERSON,SUSPICIOUS CIRCUMSTANCES,SUSPICIOUS CIRCUMSTANCES,10100.5006,-122.289925,47.568882,2016,6,1
16000210053,LIQUOR VIOLATION - ADULT,LIQUOR VIOLATIONS,LIQUOR VIOLATIONS,10001.1015,-122.29685,47.575047,2016,6,1
16000210042,MISSING PERSON,"PERSONS - LOST, FOUND, MISSING","PERSONS - LOST, FOUND, MISSING",8100.1015,-122.33943,47.60483,2016,6,1
16000209904,PERSON WITH A WEAPON (NOT GUN),WEAPONS CALLS,WEAPONS CALLS,11200.1031,-122.32431,47.52307,2016,6,1
16000209899,SUSPICIOUS PERSON,SUSPICIOUS CIRCUMSTANCES,SUSPICIOUS CIRCUMSTANCES,11402.2012,-122.35785,47.51828,2016,6,1
16000209864,CRISIS COMPLAINT - GENERAL,CRISIS CALL,BEHAVIORAL HEALTH,600.102,-122.34498,47.72321,2016,6,1
16000209850,TRAFFIC (MOVING) VIOLATION,TRAFFIC RELATED CALLS,TRAFFIC RELATED CALLS,6200.1013,-122.30433,47.644314,2016,6,1
16000209825,CRISIS COMPLAINT - GENERAL,CRISIS CALL,BEHAVIORAL HEALTH,8200.1019,-122.33401,47.610645,2016,6,1
16000209761,PROPERTY - FOUND (FOLLOW UP TO SPD CASE),"PROPERTY - MISSING, FOUND","PROPERTY - MISSING, FOUND",7200.3007,-122.34757,47.61752,2016,6,1
16000209733,TRAFFIC (MOVING) VIOLATION,TRAFFIC RELATED CALLS,TRAFFIC RELATED CALLS,8100.2009,-122.337234,47.60998,2016,6,1
16000230756,LIQUOR VIOLATION - INTOXICATED PERSON,LIQUOR VIOLATIONS,LIQUOR VIOLATIONS,8100.3011,-122.34288,47.609814,2016,6,1
16000210150,ABANDONED VEHICLE,PARKING VIOLATIONS,TRAFFIC RELATED CALLS,6900.1005,-122.36767,47.636856,2016,6,1
16000230810,TRESPASS,TRESPASS,TRESPASS,8100.2004,-122.33759,47.611206,2016,6,1
16000230866,ALACAD - RESIDENTIAL BURGLARY (FALSE),BURGLARY ALACAD (FALSE),FALSE ALACAD,11600.6015,-122.39154,47.53362,2016,6,1
16000230365,MOTOR VEHICLE COLLISION,TRAFFIC RELATED CALLS,MOTOR VEHICLE COLLISION INVESTIGATION,6600.1043,-122.332344,47.626934,2016,6,1
16000210179,SUSPICIOUS VEHICLE,SUSPICIOUS CIRCUMSTANCES,SUSPICIOUS CIRCUMSTANCES,5100.1002,-122.333725,47.665035,2016,6,1
16000230708,STRONG ARM ROBBERY,ROBBERY,ROBBERY,9600.2012,-122.3872,47.58119,2016,6,1
16000230804,TRESPASS,TRESPASS,TRESPASS,8400.1004,-122.32552,47.614655,2016,6,1
16000230747,PROPERTY DESTRUCTION,PROPERTY DAMAGE,PROPERTY DAMAGE,9400.401,-122.314224,47.58147,2016,6,1
16000230715,"DISTURBANCE, OTHER",DISTURBANCES,DISTURBANCES,7500.4016,-122.32078,47.614075,2016,6,1
16000230648,NOISE DISTURBANCE,DISTURBANCES,DISTURBANCES,1800.2003,-122.34456,47.693825,2016,6,1
16000230851,TRESPASS,TRESPASS,TRESPASS,10300.5003,-122.28568,47.559067,2016,6,1
16000230704,TRAFFIC (MOVING) VIOLATION,TRAFFIC RELATED CALLS,TRAFFIC RELATED CALLS,8800.1007,-122.30011,47.612934,2016,6,1
16000230647,SUSPICIOUS PERSON,SUSPICIOUS CIRCUMSTANCES,SUSPICIOUS CIRCUMSTANCES,8500.101,-122.32808,47.60416,2016,6,1
16000230709,"DISTURBANCE, OTHER",DISTURBANCES,DISTURBANCES,7200.2008,-122.34488,47.617687,2016,6,1
16000230630,PROPERTY DESTRUCTION,PROPERTY DAMAGE,PROPERTY DAMAGE,5301.4002,-122.31554,47.657604,2016,6,1
16000230820,TRESPASS,TRESPASS,TRESPASS,4400.2,-122.31193,47.675274,2016,6,1
16000230620,TRAFFIC (MOVING) VIOLATION,TRAFFIC RELATED CALLS,TRAFFIC RELATED CALLS,1300.2007,-122.34739,47.705055,2016,6,1
16000230729,TRESPASS,TRESPASS,TRESPASS,11800.1014,-122.264496,47.522408,2016,6,1
16000210184,ALACAD - RESIDENTIAL BURGLARY (FALSE),BURGLARY ALACAD (FALSE),FALSE ALACAD,5700.2024,-122.39293,47.645187,2016,6,1
16000230752,"DISTURBANCE, OTHER",DISTURBANCES,DISTURBANCES,1100.2005,-122.30729,47.705723,2016,6,1
16000230586,PARKING VIOLATION (EXCEPT ABANDONED VEHICLES),PARKING VIOLATIONS,TRAFFIC RELATED CALLS,7800.1056,-122.28173,47.61705,2016,6,1
16000210341,PARKING VIOLATION (EXCEPT ABANDONED VEHICLES),PARKING VIOLATIONS,TRAFFIC RELATED CALLS,4301.1008,-122.29676,47.666134,2016,6,1
16000210077,TRAFFIC (MOVING) VIOLATION,TRAFFIC RELATED CALLS,TRAFFIC RELATED CALLS,9300.3161,-122.32941,47.566895,2016,6,1
16000210071,PARKING VIOLATION (EXCEPT ABANDONED VEHICLES),PARKING VIOLATIONS,TRAFFIC RELATED CALLS,9500.4026,-122.29557,47.574966,2016,6,1
16000209972,PARKING VIOLATION (EXCEPT ABANDONED VEHICLES),PARKING VIOLATIONS,TRAFFIC RELATED CALLS,4700.4,-122.38348,47.672367,2016,6,1
16000209844,SUSPICIOUS VEHICLE,SUSPICIOUS CIRCUMSTANCES,SUSPICIOUS CIRCUMSTANCES,3300.3004,-122.379425,47.675995,2016,6,1
16000209971,PARKING VIOLATION (EXCEPT ABANDONED VEHICLES),PARKING VIOLATIONS,TRAFFIC RELATED CALLS,3200.7015,-122.39432,47.675896,2016,6,1
16000228526,THEFT - CAR PROWL,CAR PROWL,CAR PROWL,7100.2001,-122.35149,47.62457,2016,6,1
16000231245,FRAUD (INCLUDING IDENTITY THEFT),FRAUD CALLS,FRAUD CALLS,300.1031,-122.33083,47.727875,2016,6,1
16000230698,PARKING VIOLATION (EXCEPT ABANDONED VEHICLES),PARKING VIOLATIONS,TRAFFIC RELATED CALLS,4301.2012,-122.30062,47.66926,2016,6,1
16000230677,"NOISE DISTURBANCE, RESIDENTIAL",NOISE DISTURBANCE,DISTURBANCES,2000.1011,-122.30684,47.693485,2016,6,1
16000210241,"DISTURBANCE, OTHER",DISTURBANCES,DISTURBANCES,7100.2004,-122.35802,47.623936,2016,6,1
16000230770,SUSPICIOUS PERSON,SUSPICIOUS CIRCUMSTANCES,SUSPICIOUS CIRCUMSTANCES,3600.1001,-122.31995,47.682465,2016,6,1
16000230491,MOTOR VEHICLE COLLISION,TRAFFIC RELATED CALLS,MOTOR VEHICLE COLLISION INVESTIGATION,9300.3017,-122.33327,47.58504,2016,6,1
16000210402,SHOPLIFT,THEFT,SHOPLIFTING,1200.401,-122.324615,47.708603,2016,6,1
16000210420,"DISTURBANCE, OTHER",DISTURBANCES,DISTURBANCES,8100.2028,-122.32997,47.602875,2016,6,1
16000210304,"DISTURBANCE, OTHER",DISTURBANCES,DISTURBANCES,8300.2014,-122.328,47.612473,2016,6,1
16000210515,"DISTURBANCE, OTHER",DISTURBANCES,DISTURBANCES,8100.2004,-122.33759,47.611206,2016,6,1
16000230340,MOTOR VEHICLE COLLISION,TRAFFIC RELATED CALLS,MOTOR VEHICLE COLLISION INVESTIGATION,2900.2025,-122.35531,47.68074,2016,6,1
16000210134,PARKING VIOLATION (EXCEPT ABANDONED VEHICLES),PARKING VIOLATIONS,TRAFFIC RELATED CALLS,3300.1009,-122.37513,47.678673,2016,6,1
16000210035,SUSPICIOUS PERSON,SUSPICIOUS CIRCUMSTANCES,SUSPICIOUS CIRCUMSTANCES,9200.1002,-122.32635,47.601707,2016,6,1
16000210013,PARKING VIOLATION (EXCEPT ABANDONED VEHICLES),PARKING VIOLATIONS,TRAFFIC RELATED CALLS,8700.1007,-122.312836,47.609795,2016,6,1
16000210009,ALACAD - RESIDENTIAL BURGLARY (FALSE),BURGLARY ALACAD (FALSE),FALSE ALACAD,11900.1026,-122.25235,47.51068,2016,6,1
16000209996,MARIJUANA PUBLIC USE (NOT DISPENSARY),NARCOTICS COMPLAINTS,NARCOTICS COMPLAINTS,9200.2023,-122.33353,47.600883,2016,6,1
16000209995,TRESPASS,TRESPASS,TRESPASS,3600.1016,-122.31874,47.677296,2016,6,1
16000209964,PARKING VIOLATION (EXCEPT ABANDONED VEHICLES),PARKING VIOLATIONS,TRAFFIC RELATED CALLS,11300.1004,-122.3352,47.532063,2016,6,1
16000209935,SUSPICIOUS VEHICLE,SUSPICIOUS CIRCUMSTANCES,SUSPICIOUS CIRCUMSTANCES,8800.202,-122.29492,47.605183,2016,6,1
16000209925,PARKING VIOLATION (EXCEPT ABANDONED VEHICLES),PARKING VIOLATIONS,TRAFFIC RELATED CALLS,9900.2001,-122.355965,47.57058,2016,6,1
16000209923,SUSPICIOUS VEHICLE,SUSPICIOUS CIRCUMSTANCES,SUSPICIOUS CIRCUMSTANCES,11600.6014,-122.39041,47.535404,2016,6,1
16000209882,SUSPICIOUS PERSON,SUSPICIOUS CIRCUMSTANCES,SUSPICIOUS CIRCUMSTANCES,10600.1013,-122.37777,47.54562,2016,6,1
16000230914,LIQUOR VIOLATION - ADULT,LIQUOR VIOLATIONS,LIQUOR VIOLATIONS,10002.2025,-122.31471,47.58102,2016,6,1
16000231015,MOTOR VEHICLE COLLISION,TRAFFIC RELATED CALLS,MOTOR VEHICLE COLLISION INVESTIGATION,5200.4018,-122.32296,47.66133,2016,6,1
16000231006,PROPERTY - FOUND (FOLLOW UP TO SPD CASE),"PROPERTY - MISSING, FOUND","PROPERTY - MISSING, FOUND",1200.401,-122.324615,47.708603,2016,6,1
16000230995,ALACAD - RESIDENTIAL BURGLARY (FALSE),BURGLARY ALACAD (FALSE),FALSE ALACAD,6100.1013,-122.319725,47.64871,2016,6,1
16000230945,PARKING VIOLATION (EXCEPT ABANDONED VEHICLES),PARKING VIOLATIONS,TRAFFIC RELATED CALLS,5801.1003,-122.384674,47.65124,2016,6,1
16000210407,SHOPLIFT,THEFT,SHOPLIFTING,9000.2033,-122.31344,47.596653,2016,6,1
16000210187,TRAFFIC (MOVING) VIOLATION,TRAFFIC RELATED CALLS,TRAFFIC RELATED CALLS,7500.5004,-122.320854,47.618736,2016,6,1
16000230814,TRAFFIC (MOVING) VIOLATION,TRAFFIC RELATED CALLS,TRAFFIC RELATED CALLS,3600.1031,-122.32065,47.67457,2016,6,1
16000230812,"DISTURBANCE, OTHER",DISTURBANCES,DISTURBANCES,11001.1009,-122.28473,47.537956,2016,6,1
16000230744,LIQUOR VIOLATION - INTOXICATED PERSON,LIQUOR VIOLATIONS,LIQUOR VIOLATIONS,8100.3011,-122.34288,47.609814,2016,6,1
16000230728,SUSPICIOUS PERSON,SUSPICIOUS CIRCUMSTANCES,SUSPICIOUS CIRCUMSTANCES,8100.1015,-122.34087,47.606407,2016,6,1
16000230722,SUSPICIOUS VEHICLE,SUSPICIOUS CIRCUMSTANCES,SUSPICIOUS CIRCUMSTANCES,9000.2004,-122.31288,47.600845,2016,6,1
16000230306,PARKING VIOLATION (EXCEPT ABANDONED VEHICLES),PARKING VIOLATIONS,TRAFFIC RELATED CALLS,11002.301,-122.30452,47.543884,2016,6,1
16000230783,SUSPICIOUS PERSON,SUSPICIOUS CIRCUMSTANCES,SUSPICIOUS CIRCUMSTANCES,100.2002,-122.29228,47.729202,2016,6,1
16000227492,AUTO THEFT,AUTO THEFTS,AUTO THEFTS,4700.2025,-122.377556,47.665707,2016,6,1
16000230843,SUSPICIOUS PERSON,SUSPICIOUS CIRCUMSTANCES,SUSPICIOUS CIRCUMSTANCES,10200.4,-122.27257,47.55823,2016,6,1
16000230869,"DISTURBANCE, OTHER",DISTURBANCES,DISTURBANCES,8100.2028,-122.32997,47.602875,2016,6,1
16000231375,SUSPICIOUS PERSON,SUSPICIOUS CIRCUMSTANCES,SUSPICIOUS CIRCUMSTANCES,1800.2011,-122.344536,47.69165,2016,6,1
16000230673,SUSPICIOUS PERSON,SUSPICIOUS CIRCUMSTANCES,SUSPICIOUS CIRCUMSTANCES,10702.2008,-122.369415,47.545204,2016,6,1
16000210537,LIQUOR VIOLATION - INTOXICATED PERSON,LIQUOR VIOLATIONS,LIQUOR VIOLATIONS,9200.2028,-122.33081,47.600464,2016,6,1
16000230848,TRESPASS,TRESPASS,TRESPASS,5301.4001,-122.313225,47.657574,2016,6,1
16000230919,TRAFFIC (MOVING) VIOLATION,TRAFFIC RELATED CALLS,TRAFFIC RELATED CALLS,5100.1022,-122.3344,47.661385,2016,6,1
16000230759,ALACAD - COMMERCIAL BURGLARY (FALSE),BURGLARY ALACAD (FALSE),FALSE ALACAD,7300.3027,-122.337654,47.614388,2016,6,1
16000230801,SUSPICIOUS VEHICLE,SUSPICIOUS CIRCUMSTANCES,SUSPICIOUS CIRCUMSTANCES,9200.101,-122.323746,47.600025,2016,6,1
16000210481,SUSPICIOUS VEHICLE,SUSPICIOUS CIRCUMSTANCES,SUSPICIOUS CIRCUMSTANCES,7000.1018,-122.351166,47.629753,2016,6,1
16000210055,PARKING VIOLATION (EXCEPT ABANDONED VEHICLES),PARKING VIOLATIONS,TRAFFIC RELATED CALLS,8100.2005,-122.33732,47.61132,2016,6,1
16000209826,MOTOR VEHICLE COLLISION,TRAFFIC RELATED CALLS,MOTOR VEHICLE COLLISION INVESTIGATION,7300.1026,-122.3317,47.620243,2016,6,1
16000209819,SUSPICIOUS VEHICLE,SUSPICIOUS CIRCUMSTANCES,SUSPICIOUS CIRCUMSTANCES,9701.2007,-122.413376,47.57504,2016,6,1
16000209750,TRAFFIC (MOVING) VIOLATION,TRAFFIC RELATED CALLS,TRAFFIC RELATED CALLS,8001.101,-122.34875,47.614697,2016,6,1
16000209698,TRAFFIC (MOVING) VIOLATION,TRAFFIC RELATED CALLS,TRAFFIC RELATED CALLS,8100.2039,-122.33546,47.605515,2016,6,1
16000209678,TRAFFIC (MOVING) VIOLATION,TRAFFIC RELATED CALLS,TRAFFIC RELATED CALLS,8002.1003,-122.34196,47.610683,2016,6,1
16000230795,"CASUALTY (NON CRIMINAL/TRAFFIC) - MAN DOWN, SICK PERSONS, INJURED, DOA)",CASUALTIES,PERSON DOWN/INJURY,8400.1001,-122.32277,47.615227,2016,6,1
16000230792,LIQUOR VIOLATION - INTOXICATED PERSON,LIQUOR VIOLATIONS,LIQUOR VIOLATIONS,8500.3001,-122.32344,47.60413,2016,6,1
16000210218,"DISTURBANCE, OTHER",DISTURBANCES,DISTURBANCES,8100.1035,-122.33428,47.602554,2016,6,1
16000230710,SUSPICIOUS PERSON,SUSPICIOUS CIRCUMSTANCES,SUSPICIOUS CIRCUMSTANCES,8500.101,-122.32808,47.60416,2016,6,1
16000230609,CRISIS COMPLAINT - GENERAL,CRISIS CALL,BEHAVIORAL HEALTH,11800.5008,-122.26998,47.52617,2016,6,1
16000230395,PROPERTY DESTRUCTION,PROPERTY DAMAGE,PROPERTY DAMAGE,7300.3023,-122.33574,47.616383,2016,6,1
16000211643,PARKING VIOLATION (EXCEPT ABANDONED VEHICLES),PARKING VIOLATIONS,TRAFFIC RELATED CALLS,8600.3014,-122.31679,47.60419,2016,6,1
16000210365,LICENSE PLATE THEFT OR LOSS,CAR PROWL,CAR PROWL,5700.104,-122.40461,47.658325,2016,6,1
16000210238,"BURGLARY - RESIDENTIAL, UNOCCUPIED",RESIDENTIAL BURGLARIES,BURGLARY,10200.2009,-122.26332,47.54957,2016,6,1
16000210237,MARIJUANA PUBLIC USE (NOT DISPENSARY),NARCOTICS COMPLAINTS,NARCOTICS COMPLAINTS,8100.1046,-122.339096,47.604485,2016,6,1
16000210416,ALACAD - RESIDENTIAL BURGLARY (FALSE),BURGLARY ALACAD (FALSE),FALSE ALACAD,11900.5004,-122.270065,47.509537,2016,6,1
16000230782,LIQUOR VIOLATION - INTOXICATED PERSON,LIQUOR VIOLATIONS,LIQUOR VIOLATIONS,9200.1012,-122.32767,47.599194,2016,6,1
16000230781,SUSPICIOUS PERSON,SUSPICIOUS CIRCUMSTANCES,SUSPICIOUS CIRCUMSTANCES,9600.5014,-122.386795,47.59515,2016,6,1
16000210146,THEFT - AUTO ACCESSORIES,CAR PROWL,CAR PROWL,3100.3008,-122.38538,47.682255,2016,6,1
16000210383,BLOCKING VEHICLE,TRAFFIC RELATED CALLS,TRAFFIC RELATED CALLS,100.4,-122.292435,47.733753,2016,6,1
16000210367,ALACAD - RESIDENTIAL PANIC (FALSE),PANIC ALACAD (FALSE),FALSE ALACAD,2200.3011,-122.27999,47.694313,2016,6,1
16000210345,ALACAD - RESIDENTIAL BURGLARY (FALSE),BURGLARY ALACAD (FALSE),FALSE ALACAD,6500.3012,-122.318054,47.626083,2016,6,1
16000230930,FIGHT DISTURBANCE,DISTURBANCES,DISTURBANCES,8100.2009,-122.33825,47.610245,2016,6,1
16000210092,"ASSAULTS, OTHER",ASSAULTS,ASSAULTS,8500.3001,-122.32344,47.60413,2016,6,1
16000230840,PARKING VIOLATION (EXCEPT ABANDONED VEHICLES),PARKING VIOLATIONS,TRAFFIC RELATED CALLS,1800.2002,-122.343475,47.693275,2016,6,1
16000230918,"DISTURBANCE, OTHER",DISTURBANCES,DISTURBANCES,9702.1013,-122.39336,47.57662,2016,6,1
16000210287,SUSPICIOUS PERSON,SUSPICIOUS CIRCUMSTANCES,SUSPICIOUS CIRCUMSTANCES,6800.1007,-122.350716,47.638683,2016,6,1
16000210201,"DISTURBANCE, OTHER",DISTURBANCES,DISTURBANCES,8100.204,-122.33173,47.603127,2016,6,1
16000210153,CRISIS COMPLAINT - GENERAL,CRISIS CALL,BEHAVIORAL HEALTH,5200.1003,-122.321884,47.657818,2016,6,1
16000230817,SUSPICIOUS PERSON,SUSPICIOUS CIRCUMSTANCES,SUSPICIOUS CIRCUMSTANCES,6600.1015,-122.3271,47.628323,2016,6,1
16000230760,"DISTURBANCE, OTHER",DISTURBANCES,DISTURBANCES,8100.2033,-122.335,47.606693,2016,6,1
16000230757,SUSPICIOUS VEHICLE,SUSPICIOUS CIRCUMSTANCES,SUSPICIOUS CIRCUMSTANCES,3200.3008,-122.394264,47.669468,2016,6,1
16000210430,SHOPLIFT,THEFT,SHOPLIFTING,9100.2009,-122.32768,47.596657,2016,6,1
16000230787,NOISE DISTURBANCE,DISTURBANCES,DISTURBANCES,9200.2007,-122.33521,47.601723,2016,6,1
16000210037,"MISCHIEF, NUISANCE COMPLAINTS","NUISANCE, MISCHIEF COMPLAINTS","NUISANCE, MISCHIEF",7200.1059,-122.33832,47.614388,2016,6,1
16000210023,PROPERTY - FOUND (FOLLOW UP TO SPD CASE),"PROPERTY - MISSING, FOUND","PROPERTY - MISSING, FOUND",4200.2012,-122.28082,47.671196,2016,6,1
16000210014,TRESPASS,TRESPASS,TRESPASS,1800.2002,-122.343475,47.693275,2016,6,1
16000209986,ALACAD - RESIDENTIAL BURGLARY (FALSE),BURGLARY ALACAD (FALSE),FALSE ALACAD,5700.2004,-122.394226,47.65181,2016,6,1
16000209936,SHOPLIFT,THEFT,SHOPLIFTING,8200.1003,-122.33593,47.611904,2016,6,1
16000209879,SUSPICIOUS VEHICLE,SUSPICIOUS CIRCUMSTANCES,SUSPICIOUS CIRCUMSTANCES,11300.1019,-122.33603,47.520428,2016,6,1
16000209872,"ASSAULTS, OTHER",ASSAULTS,ASSAULTS,5301.1002,-122.30834,47.663963,2016,6,1
16000209764,MOTOR VEHICLE COLLISION,TRAFFIC RELATED CALLS,MOTOR VEHICLE COLLISION INVESTIGATION,4600.3008,-122.33237,47.665028,2016,6,1
16000230835,TRAFFIC (MOVING) VIOLATION,TRAFFIC RELATED CALLS,TRAFFIC RELATED CALLS,9300.1042,-122.32139,47.587307,2016,6,1
16000210140,"DISTURBANCE, OTHER",DISTURBANCES,DISTURBANCES,5301.201,-122.31312,47.66218,2016,6,1
16000192348,TRESPASS - PARKS EXCLUSION,PARKS EXCLUSIONS,TRESPASS,8100.2045,-122.33051,47.601887,2016,6,1
16000192347,"DISTURBANCE, OTHER",DISTURBANCES,DISTURBANCES,7500.4015,-122.32079,47.614655,2016,6,1
16000210482,SHOPLIFT,THEFT,SHOPLIFTING,600.3007,-122.34483,47.713547,2016,6,1
16000210513,"ASSAULTS, OTHER",ASSAULTS,ASSAULTS,8001.2009,-122.345,47.613655,2016,6,1
16000210483,PARKING VIOLATION (EXCEPT ABANDONED VEHICLES),PARKING VIOLATIONS,TRAFFIC RELATED CALLS,7200.105,-122.33855,47.616875,2016,6,1
16000210474,MOTOR VEHICLE COLLISION,TRAFFIC RELATED CALLS,MOTOR VEHICLE COLLISION INVESTIGATION,8200.1002,-122.33629,47.61313,2016,6,1
16000210176,PARKING VIOLATION (EXCEPT ABANDONED VEHICLES),PARKING VIOLATIONS,TRAFFIC RELATED CALLS,9300.1045,-122.32597,47.5872,2016,6,1
16000210175,HAZARDS,HAZARDS,HAZARDS,10100.4001,-122.29197,47.57039,2016,6,1
16000231125,PROPERTY - FOUND (FOLLOW UP TO SPD CASE),"PROPERTY - MISSING, FOUND","PROPERTY - MISSING, FOUND",11900.1029,-122.24233,47.50964,2016,6,1
16000231107,ALACAD - COMMERCIAL BURGLARY (FALSE),BURGLARY ALACAD (FALSE),FALSE ALACAD,7700.1005,-122.29583,47.623714,2016,6,1
16000231096,"BURGLARY - RESIDENTIAL, UNOCCUPIED",RESIDENTIAL BURGLARIES,BURGLARY,5000.101,-122.3453,47.66429,2016,6,1
16000230861,TRESPASS,TRESPASS,TRESPASS,8600.3009,-122.3181,47.603104,2016,6,1
16000230888,TRAFFIC (MOVING) VIOLATION,TRAFFIC RELATED CALLS,TRAFFIC RELATED CALLS,7300.3024,-122.33616,47.614285,2016,6,1
16000230844,PARKING VIOLATION (EXCEPT ABANDONED VEHICLES),PARKING VIOLATIONS,TRAFFIC RELATED CALLS,7300.1028,-122.33363,47.621986,2016,6,1
16000230940,"DISTURBANCE, OTHER",DISTURBANCES,DISTURBANCES,8100.2026,-122.33017,47.60477,2016,6,1
16000230789,TRAFFIC (MOVING) VIOLATION,TRAFFIC RELATED CALLS,TRAFFIC RELATED CALLS,9500.2063,-122.30152,47.58276,2016,6,1
16000230751,TRESPASS,TRESPASS,TRESPASS,1701.2015,-122.35533,47.693317,2016,6,1
16000230749,CRISIS COMPLAINT - GENERAL,CRISIS CALL,BEHAVIORAL HEALTH,1702.1015,-122.35535,47.69512,2016,6,1
16000210484,TRESPASS,TRESPASS,TRESPASS,300.2011,-122.345085,47.733063,2016,6,1
16000231059,SHOPLIFT,THEFT,SHOPLIFTING,8100.3003,-122.33845,47.608788,2016,6,1
16000230809,TRAFFIC (MOVING) VIOLATION,TRAFFIC RELATED CALLS,TRAFFIC RELATED CALLS,7402.2,-122.32084,47.61757,2016,6,1